-- MariaDB dump 10.19  Distrib 10.4.32-MariaDB, for Win64 (AMD64)
--
-- Host: localhost    Database: typing
-- ------------------------------------------------------
-- Server version	10.4.32-MariaDB

/*!40101 SET @OLD_CHARACTER_SET_CLIENT=@@CHARACTER_SET_CLIENT */;
/*!40101 SET @OLD_CHARACTER_SET_RESULTS=@@CHARACTER_SET_RESULTS */;
/*!40101 SET @OLD_COLLATION_CONNECTION=@@COLLATION_CONNECTION */;
/*!40101 SET NAMES utf8mb4 */;
/*!40103 SET @OLD_TIME_ZONE=@@TIME_ZONE */;
/*!40103 SET TIME_ZONE='+00:00' */;
/*!40014 SET @OLD_UNIQUE_CHECKS=@@UNIQUE_CHECKS, UNIQUE_CHECKS=0 */;
/*!40014 SET @OLD_FOREIGN_KEY_CHECKS=@@FOREIGN_KEY_CHECKS, FOREIGN_KEY_CHECKS=0 */;
/*!40101 SET @OLD_SQL_MODE=@@SQL_MODE, SQL_MODE='NO_AUTO_VALUE_ON_ZERO' */;
/*!40111 SET @OLD_SQL_NOTES=@@SQL_NOTES, SQL_NOTES=0 */;

--
-- Table structure for table `categories`
--

DROP TABLE IF EXISTS `categories`;
/*!40101 SET @saved_cs_client     = @@character_set_client */;
/*!40101 SET character_set_client = utf8 */;
CREATE TABLE `categories` (
  `id` int(11) NOT NULL AUTO_INCREMENT,
  `name` varchar(100) NOT NULL,
  `created_at` timestamp NOT NULL DEFAULT current_timestamp(),
  PRIMARY KEY (`id`),
  UNIQUE KEY `name` (`name`)
) ENGINE=InnoDB AUTO_INCREMENT=4 DEFAULT CHARSET=utf8mb4 COLLATE=utf8mb4_unicode_ci;
/*!40101 SET character_set_client = @saved_cs_client */;

--
-- Dumping data for table `categories`
--

LOCK TABLES `categories` WRITE;
/*!40000 ALTER TABLE `categories` DISABLE KEYS */;
INSERT INTO `categories` VALUES (1,'2025 Zabıt Katipliği Metinleri','2026-06-21 12:07:50'),(2,'Serbest Metinler','2026-06-21 12:07:50'),(3,'2022 Zab??t Katipli??i Metinleri','2026-06-22 21:02:28');
/*!40000 ALTER TABLE `categories` ENABLE KEYS */;
UNLOCK TABLES;

--
-- Table structure for table `test_history`
--

DROP TABLE IF EXISTS `test_history`;
/*!40101 SET @saved_cs_client     = @@character_set_client */;
/*!40101 SET character_set_client = utf8 */;
CREATE TABLE `test_history` (
  `id` int(11) NOT NULL AUTO_INCREMENT,
  `user_id` int(11) NOT NULL,
  `text_id` int(11) NOT NULL,
  `duration_minutes` int(11) NOT NULL,
  `accuracy` decimal(5,2) NOT NULL,
  `total_keystrokes` int(11) NOT NULL,
  `keystrokes_per_minute` decimal(6,2) NOT NULL,
  `correct_words` int(11) NOT NULL,
  `word_error_count` int(11) NOT NULL,
  `skipped_words` int(11) NOT NULL,
  `is_failed_by_skipped_words` tinyint(1) NOT NULL DEFAULT 0,
  `extra_space_errors` int(11) NOT NULL,
  `has_incomplete_last_word` tinyint(1) NOT NULL DEFAULT 0,
  `correct_chars` int(11) NOT NULL,
  `incorrect_chars` int(11) NOT NULL,
  `missed_chars` int(11) NOT NULL,
  `extra_chars` int(11) NOT NULL,
  `elapsed_seconds` int(11) NOT NULL,
  `expected_comparable_chars` int(11) NOT NULL,
  `actual_comparable_chars` int(11) NOT NULL,
  `input_value` text NOT NULL,
  `created_at` timestamp NOT NULL DEFAULT current_timestamp(),
  PRIMARY KEY (`id`),
  KEY `user_id` (`user_id`),
  KEY `text_id` (`text_id`),
  CONSTRAINT `test_history_ibfk_1` FOREIGN KEY (`user_id`) REFERENCES `users` (`id`) ON DELETE CASCADE,
  CONSTRAINT `test_history_ibfk_2` FOREIGN KEY (`text_id`) REFERENCES `texts` (`id`) ON DELETE CASCADE
) ENGINE=InnoDB AUTO_INCREMENT=10 DEFAULT CHARSET=utf8mb4 COLLATE=utf8mb4_unicode_ci;
/*!40101 SET character_set_client = @saved_cs_client */;

--
-- Dumping data for table `test_history`
--

LOCK TABLES `test_history` WRITE;
/*!40000 ALTER TABLE `test_history` DISABLE KEYS */;
INSERT INTO `test_history` VALUES (1,1,1,3,96.50,959,319.70,109,4,0,0,0,1,886,0,4,3,180,890,889,'suç toplumda oluşan düzenini devamını sağlamak ve temel haklar ile özgürlüklerin korunabilmesi için gereken hukuki derğerlin ihlal edilmesi şeklinde haksızlık oluşturan insan davranışlarıdır bu davranışlar ceza hukuku yaptırımlarına tabi tutulan ve kanunun karşılığında ceza yaptırımı öngördüğü fiillerdr suç teşkil eden fiil bir hakkı ihlal ettiği için haksızlık teşkil eder dolayısıyla her suç aynı zamanda haksızlık teşkil etmektedir ancak her haksızlık suç değildir suç içeriği bakımından kanun koyucunun inancına göre devletin amaçlarıyla çatıştığından yaptırım olarak ceza veya güvenlik tedbirlerini gerektiren fiil kapsamındadır bir fiilin suç olup olmadığını belirlemek kanun koyucuya aittir suçla ilgili temel kavramlar şunlardır fail cezai nitelikteki hukuka aykırı fiili iişleyen kişidir yaralama hırsızlık ve dolandırıcılık suçlarında olduğu gibi suçların çoğunluğu herhangi bi','2026-06-21 12:40:49'),(2,1,1,3,97.40,979,326.30,114,3,0,0,0,0,911,4,4,2,180,919,917,'suç toplumda oluşan düzenini devamını sağlamak ve temel haklar ile özgürlüklerin korunabilmesi için gereken hukuki değerlerin ihlal edilmesi şeklinde haksızlık oluşturan insan davranışlarıdır bu davranışlar ceza hukuku yaptırımlarına tabi tutulan ve kanunun karşılığında ceza yaptırımı öngördüğü fiillerdir suç teşkil eden fiil bir hakkı ihlal ettiği için haksızlık teşkil eder dolayısıyla her suç aynı zamanda haksızlık teşkil etmektedir ancak her haksızlık suç değildir suç içeriği bakımından kanun koyucunun inancına göre devletin amaçlarıyla çatıştığından yaptırım olarak ceza veya güvenlik tedbirlerini gerektiren fiil kapsamındadır bir fiilin suç olup olmadığını belirlemek kanun koyucuya aittir suçla ilgili temel kavramlar şunlardır fail cezai nitelikteki hukuka aykırı fiili iişleyen kişidir yaralama hırsızlık ve dolandırıcılık suçlarında olduğu gibi suçların çoğunluğu herhangi bir kimse tarafından işllnne','2026-06-21 13:15:36'),(3,1,30,1,100.00,321,321.00,36,0,1,0,0,0,270,0,6,0,60,276,270,'hak kavramı hukukla ilgili kavramlardan biridir adalet ve hukuka uygunluk anlamlarına gelen hak kelimesi arapça hukuk kelimesinin tekil halidir verilmiş bir emekten dolayı maddi ve manevi yetkidir hak yasalar ve anlaşmaların insana tanıdığı yetkilerin toplamıdır kişiler ','2026-06-21 13:26:04'),(4,1,30,3,93.90,950,316.70,108,7,0,0,0,0,877,17,2,3,180,896,897,'hak kavramı hukukla ilgili temel kavramlardan biridir adalet ve hukuka uygunluk anlamlarına gelen hak kelimesi arapça hukuk kelimesinin tekil halidir verilmiş bir emekten dolayı maddi ve manevi yetkidir hak yasalar ve anlaşmaların insansa tanıdığı yetkilerin toplamıdır kişiler haklarını kullanıp kullanmama iradesine sahiptiler bir hakkın kullanımı ise medeni kanunda belirtildiği üzere dürüstlük ilkesi dahilinde olmalıdır hak sahipleri özel veya tüzel kişiler olabilir sağ olarak doğmak koşuluyla ana rahmine ilk düştüğü andan itiabreb nsanlar hak ehliyetini kazanırlar haklar kanunlarla düzenlenerek koruma altına alınırlar haklar aslında hukuk kurallarına dayanır toplum içinde yaşayan herkesin üstlenmesi gereken belli başlı rolleri bulunur aynı zamanda devletler ve uluslararası kuruluşlar tarafından gücenve altına alınan haklar da bulunmaktadır din ve vicdan ghürriyetii düşünce özgürlüğü ','2026-06-21 13:29:40'),(6,1,5,3,94.50,1040,346.70,120,7,1,0,0,0,975,2,10,5,180,987,982,'kişi işlemeyi kastettiği bir suyçu elverişli hareketlerle doğrudan doğruya icrasına başlayıp elinde olmayan nedenlerle tamamlamazsa teşebbüsten dolayı sorumlu olur suç genelde fiilin işlenmesi ve neticenin meydana gelmesi ile sonuçlanır suçun tam olarak gerçekleşmediği durumlarda da suç genel tanımının dışında kalır işlenen suç tamamlanmaz veya suç unsırlarının eksik olması nedeniyle suçun hukuk tanımına uymamasu durumunda suçun özel görünüş şekillerinden bahsetmek gerekir teşebbüs suçun özel görünüş şekillerinden biridir suç yolunda ilerleyen fail çeşitli aşamalardan geçer suç yolunda icra ve tamamlama olmak üzere iki aşama vardır kasıtlı işlenen suçlarda bahsedilen aşamalara düşünce aşaması da eklenir bu aşama icra aşamasından önce gelir baze nde tamamlanma aşamasını son bulma aşaması takip eder böylece suç yolunda dört aşama vardır denilebilir düşünce aşaması ceza hukukunu ilgilendirmez eyleme dönüşmeyen hiçbir düşüşnce cezalandırılamaz icra aşamasına ge,çilmnesiyl','2026-06-21 17:37:17'),(7,1,4,3,96.50,961,320.30,110,4,1,0,0,1,891,0,16,2,180,907,893,'taksir yasalrda öngörülen dikkat ve özen yükümlülüğü ihlalinden kaynaklanan öngörülebilir ir suçun kasıtsız olarak işlenmesidir taksir ile işlenen fiiller sadece kanunda açıkça belirtilen hallerde başvurulan sorumluluk şeklidir taksirde kusur ağırlığı suçlara göre daha azdır fail çoğu zaman kendisi de bir mağduriyet yaşar özellikle trafik kazalarında bu durum sıklıkla yaşanır dikkatli ve tedbirli davranarak ortaya konulması gereken irade yerine dikkatsiz ve tedbirsiz davranarak başka bir irade ortaya konulur taksirli sorumluluktan söz edebilmek için mutlaka zararlı neticenin gerçekleşmesi gerekir taksirle işlenen suç neticesinde verilecek olan ceza failin kusur oranına göre değişir basit taksir öngörülebilir neticeyi failin öngörememesi sonucunda ortaya çıkar failin dikkatli ve özenli olması gerekirken bu yükümlülüğe ayukırı hareketle suç fiilini işlemediir basit taksir için bilin','2026-06-21 18:35:13'),(8,1,30,3,93.30,989,329.70,112,8,0,0,0,1,937,2,4,4,180,943,943,'hak kavramı hukukla ilgili temel kavramlardan biridir adalet ve hukuka uygunluk anlamlarına gelen hak kelimesi arapça hukuk kelimesinin tekil halidir verilmiş bir emekten dolayı maddi ve manevi yetkidir hak yasalar ve anlaşmaların insana tanıdığı yetkilerin toplamıdır kişiler haklarını kullanıp kullanmama iradesine sahiptiler bir hakkın kullanımı ise medeni kanuında belirtildiği üzere dürstülük ilkesi dahilinde olmalıdır hak sahipleri özel veya tüzel kişiler olabilir sağ olarak doğmak koşuluyla ana arahmine ilk düştüğü andan itibaren insanlar hak ehliyetini kazanırlar haklar kanunlarla düzenlenerek koruma altına alınırlar haklar aslınsa hukuk kurallarına dayanır toplum içinde yaşayan herkesin üstlenmesi gereken belli başlı rolleri bulnur aynı zamanda devletler ve uluslararası kuruluşlar tarafından güvence altına alınan haklar da bulunmaktadır din ve vixdan hürriyeti düşüşnce hürriyeti özel hayatın gizliliği hakları sahip olduğumu','2026-06-21 18:54:18'),(9,1,8,3,94.00,978,326.00,110,7,1,0,0,1,907,1,16,4,180,924,912,'kişinin kendisine veya başkasına ait bir hakka yönelik gerçekleşmesi ya da tekrarı muhakka olan saldırıyı o andaki mevcut hal ve koşullara göre uzaklaştırmak amacıyla işlenen fiiller meşru savunmadır zorunluluk kapsamında işlenen fiille yapılan saldırının arasında orantı olmalıdır bu zorunluluktan dolayı fail cezalandırılmaz meşru savunma tüm ceza kanunlarında kabul edilen hukuka uygunluk nedenlerinden biridir insanda bulunan kişinin kendisi koruma içgüdüsne dayanır haksız saldırıyla karşılaşan kişi kendisini koruma amacıyla hareket eder hukuk düzeni saldırıya uğrayan kişinin menfaatini kanuna karşı çıkan kişinin menfaatine terchi eder meşru savunma söz konusuysa suç olmadığından failin cezai sorumluluğu bulunmaz bütüyünyle sona ermiş saldırıda meşru savunma olmaz başlammaış ancak başlaması muhakka olan devam eden veya bitmiş olmasına rağmen tekrarı mümkün bulunan saldırı mevcut saldırı sayılır iler','2026-06-21 20:16:19');
/*!40000 ALTER TABLE `test_history` ENABLE KEYS */;
UNLOCK TABLES;

--
-- Table structure for table `texts`
--

DROP TABLE IF EXISTS `texts`;
/*!40101 SET @saved_cs_client     = @@character_set_client */;
/*!40101 SET character_set_client = utf8 */;
CREATE TABLE `texts` (
  `id` int(11) NOT NULL AUTO_INCREMENT,
  `category_id` int(11) NOT NULL,
  `title` varchar(255) NOT NULL,
  `content` text NOT NULL,
  `created_at` timestamp NOT NULL DEFAULT current_timestamp(),
  PRIMARY KEY (`id`),
  KEY `category_id` (`category_id`),
  CONSTRAINT `texts_ibfk_1` FOREIGN KEY (`category_id`) REFERENCES `categories` (`id`) ON DELETE CASCADE
) ENGINE=InnoDB AUTO_INCREMENT=61 DEFAULT CHARSET=utf8mb4 COLLATE=utf8mb4_unicode_ci;
/*!40101 SET character_set_client = @saved_cs_client */;

--
-- Dumping data for table `texts`
--

LOCK TABLES `texts` WRITE;
/*!40000 ALTER TABLE `texts` DISABLE KEYS */;
INSERT INTO `texts` VALUES (1,1,'Metin 1','suç toplumda oluşan düzenin devamını sağlamak ve temel haklar ile özgürlüklerin korunabilmesi için gereken hukuki değerlerin ihlal edilmesi şeklinde haksızlık oluşturan insan davranışlarıdır bu davranışlar ceza hukuku yaptırımlarına tabi tutulan ve kanunun karşılığında ceza yaptırımı öngördüğü fiillerdir suç teşkil eden fiil bir hakkı ihlal ettiği için haksızlık teşkil eder dolayısıyla her suç aynı zamanda haksızlık teşkil etmektedir ancak her haksızlık suç değildir suç içeriği bakımından kanun koyucunun inancına göre devletin amaçlarıyla çatıştığından yaptırım olarak ceza veya güvenlik tedbirlerini gerektiren fiil kapsamındadır bir fiilin suç olup olmadığını belirlemek kanun koyucuya aittir suçla ilgili temel kavramlar şunlardır fail cezai nitelikteki hukuka aykırı fiili işleyen kişidir yaralama hırsızlık ve dolandırıcılık suçlarında olduğu gibi suçların çoğunluğu herhangi bir kimse tarafından işlenebilir bunlara genel suçlar denir bazı suçlarsa sadece belli hukuki veya fiili durumdaki kişiler tarafından işlenebilir bunlara ise mahsus suçlar denir her suçun faili olduğu gibi mutlaka hukuki konusu bulunmaktadır örneğin hırsızlık suçunun hukuki konusu zilyetlik yaralama suçunun hukuki konusu vücut bütünlüğü insan öldürme suçunun hukuki konusu yaşam hakkının ihlalleridir suçun maddi konularına bakacak olursak yalnızca maddi varlığı bulunan varlıklar üzerinde suç işlenebilir insan suçun maddi konusu olabilir tüzel kişiler topluluklar ve cismani varlığı olmayan şeyler suçun maddi konusunu oluşturamazlar örneğin hırsızlık suçunun maddi konusunu çalınan eşya oluştururken kasten öldürme suçunun maddi konusunu insan oluşturmaktadır mağdur insan toplum devlet ve tüzel kişiler olabilmektedir her suçun mutlaka mağduru vardır suçun mağdurları suç işlenirken hayatta olan kişilerdir kimse kendi kendisine karşı suç işleyemez örneğin intihar suç değildir ancak şikayete bağlı suçlarda şikayet hakkı kullanımı suçun mağduruna tanınmıştır suç devlete toplumun varlığına ve gelişimine ilişkin menfaatlerinin ihlalinden kaynaklanan sosyal zarar yanında doğrudan olarak zarar da doğurur bu zararlar her suçta mutlaka bulunmaktadır ihlal zarar verme şeklinde ya da tehlikeye düşürme şeklinde kendini göstermektedir suç işlenmesi nedeniyle mağdur olan kişi ile suçtan zarar gören kişi birbirinden farklılık göstermektedir','2026-06-21 12:07:50'),(2,1,'Metin 2','genel olarak kanunlarda suç olarak tanımlanan eylemleri işleyen kişilere verilen yaptırımlara ceza denir cezalar keyfi olmamalıdır hakkaniyete uygun insani herkese eşit olacak şekilde uygulanmalıdır verilen cezalarda toplum yararı gözetilmelidir genel olarak cezalar hapis cezası para cezası vücuda zarar verme hayata son verme veya fail tarafından bir şeyin yapılması şeklinde olabilir türk ceza kanununda bedensel veya hayata yönelik cezalar bulunmaz türk hukuk sisteminde işlenen suçların karşılığı olarak hapis cezaları veya adli para cezaları öngörülür türk hukuk sistemindeki cezaların temel özellikleri arasında cezaların şahsiliği ilkesi bulunmaktadır buna göre kişiler başka birinin işlediği fiiller nedeniyle sorumlu tutulamaz kanunilik ilkesi de cezaların başka bir özelliğidir ceza yasa koyucu tarafından kanunla konulup ancak kanunla kaldırılabilir yasa koyucu neyin suç olup olmayacağı suçların karşılığı cezaların neler olacağı konusunda takdir hakkına sahiptir ayrıca cezanın insan onuruyla bağdaşır nitelikte olması gerekir hiç kimse insan onuru ile bağdaşmayan bir ceza veya muameleye tabi tutulamaz ayrıca fiili gerçekleştiren kişiye verilen cezanın kişiye uydurulması gerekir buna cezanın bireyselleştirilmesi denir suç sayılan eylemler bazı şartlar altında gerçekleştirilirse suç olarak ifade edilmeyebilir bazı durumlarda da suç sayılmakla birlikte ceza indirimi yapılması ya da ceza verilmemesi sonucunu doğuran sebeplere hukuka uygunluk nedenleri denir bu durumlarda işlenen fiiller suç olmayıp kişiye ceza verilmesi uygun değildir ayrıca güvenlik tedbiri uygulanamaz bu kişiler hakkında dava açılmışsa beraat kararı verilir bazı hallerdeyse kişinin ceza sorumluluğu ortadan kalkar işlenen fiil nedeniyle failin hangi şartlarda sorumlu tutulacağının tespitinde kusur durumu önemlidir işlediği fiil ile ilgili kişideki irade gelişiminin şartları bu şartlara istinaden gerçekleştirdiği eylem nedeniyle failin şahsen cezalandırılması gerekmediği kusur durumu ile ilgilidir kanuni tanımda yer verilen suç failin kusur yeteneği olmasa bile işlenmiş olursa haksız bir fiildir ve suç niteliğini korur kanun koyucu faile bazı hallerde kusur yeteneği olmadığı için ceza verilmemesi gerektiğini bazı hallerdeyse kusur yeteneğinin zayıf olduğu için nispeten daha hafif ceza verilmesi gerektiğini kayıt altına almıştır','2026-06-21 12:07:50'),(3,1,'Metin 3','failin gerçekleştirmiş olduğu fiille ortaya çıkan sonuç arasında manevi bağ bulunur bu manevi bağ kusur olarak ifade edilir failin cezalandırılması için bağın türünün tespit edilmesi önemlidir örneğin akıl hastalığı bulunan kişinin işlediği suç fiilinin farkında olmaması durumunda cezalandırılması mümkün değildir suçun manevi unsurları olarak ifade edilen kast ve taksir kavramları failin gerçekleştirdiği fiille arasındaki nedensellik bağını ifade etmektedir kast kusurlu iradenin tipik gerçek şeklidir suç kanunu emrinin açıkça ihlalidir emrin ihlali failin yasaklanan fiili istemesi durumunda gerçekleşir kastın varlığı için sadece hareketin değil sonucun da istenmesi gerekir türk ceza kanununa göre kast suçun var olduğunu söyleyebilmek için kastın varlığı gereklidir kast ise suçun kanuni tanımındaki unsurların bilerek ve istenerek gerçekleşmesini ifade eder kastın varlığı suçun bütün aşamalarında aranır ceza kanunlarını bilmiyor olmak elbette mazeret olarak sayılmaz tüm kanunların herkes tarafından bilinmesini beklemek söz konusu olamaz hukuku meslek edinen kişilerin bile bunları ezbere bilmeleri veya suç olduğunu tahmin etmeleri mümkün değildir bu gibi durumlarda gerçekleştirilen fiilin icrası sırasında suçun kanuni tanımında sayılan maddi unsurları bilmeyen bir kişinin kasten hareket ettiği söylenemez suçun kanuni tanımında sayılan unsurların tamamı bilinmese bile ahlaki yönden yanlış olduğu bilinen eylemin suç olacağı ihtimalini kişi tahmin edebilmelidir örneğin yaralama veya hileli davranışlarla dolandırma herkes tarafından bilinen ahlaken de yanlış kabul edilen davranışlardır bu durumda kimse suçun kanuni tanımında bulunan unsurları bilmediğini öne süremez doğrudan kast bilerek ve istenerek suçun kanuni tanımında yer alan fiilin işlenmesidir örneğin pastanede bir kimseye ateş ederek öldüren kişi doğrudan kastla hareket etmiş ise insan öldürme suçunu işlemiş olur dolaylı kast suçun kanunda tanımlanan fiilin gerçekleşmesinin mümkün veya muhtemelen öngörülmesine rağmen neticenin meydana gelmesinin göze alınması şeklinde bir düşünce ile fiilin işlenmesidir örneğin pastanede ateş eden fail oranın kalabalık olması sebebi ile öldürmek istediği kişi dışında başka kişilerin de zarar görme ihtimalini düşünmelidir ateş sonucu başka kişileri de yaraladığında yaralama suçundan da ceza alır','2026-06-21 12:07:50'),(4,1,'Metin 4','taksir yasalarda öngörülen dikkat ve özen yükümlülüğü ihlalinden kaynaklanan öngörülebilir bir suçun kasıtsız olarak işlenmesidir taksir ile işlenen fiiller sadece kanunda açıkça belirtilen hallerde başvurulan sorumluluk şeklidir taksirde kusur ağırlığı kasıtlı suçlara göre daha azdır fail çoğu zaman kendisi de bir mağduriyet yaşar özellikle trafik kazalarında bu durum sıklıkla yaşanır dikkatli ve tedbirli davranarak ortaya konulması gereken irade yerine dikkatsiz ve tedbirsiz davranarak başka bir irade ortaya konulur taksirli sorumluluktan söz edebilmek için mutlaka zararlı neticenin gerçekleşmesi gerekir taksirle işlenen suç neticesinde verilecek olan ceza failin kusur oranına göre değişir basit taksir öngörülebilir neticeyi failin öngörememesi sonucunda ortaya çıkar failin dikkatli ve özenli olması gerekirken bu yükümlülüğe aykırı hareketle suç fiilini işlemesidir basit taksir için bilinçsiz taksir adi taksir gibi ifadeler de kullanılmaktadır örneğin gerekli iş güvenliği önlemlerini almayan bir fabrikada işçi çalıştıran işveren iş kazası neticesinde yaralamaya sebebiyet verirse basit taksirle yaralama suçunu işlemiş olur birden fazla kişinin taksirle işlediği suçlarda herkes kendi kusurundan dolayı sorumlu olur her failin cezası kendi kusur oranlarına göre ayrı ayrı belirlenir bilinçli taksir failin öngörüsüne rağmen neticenin gerçekleşmesini istemeyip kural ihlali yapıp ya da şans kişisel yetenek gibi etkilere güvenerek hareket etmesiyle suç fiilini işlemesidir fail sonucun meydana gelebileceğini öngörmesine rağmen sonucun gerçekleşmeyeceği inancıyla hareket eder örneğin sollamanın yasak olduğu yolda bu yasağa uymayıp şoförlüğüne güvenerek sollama yapan ve ölüme sebebiyet veren kişiye bilinçli taksirle ölüme neden olma suçundan dolayı ceza verilir taksirli hareketle sebep olunan olayda failin kişisel ve ailevi durumu artık cezanın verilmesini anlamsız kılacak kadar mağdur olmasına neden olursa ceza verilmez taksirle işlenen suçlarda kanundaki tanımında kastın unsurlarından bilerek ve istenerek işlenmesi yer almaz taksirden bahsedebilmek için failin suç işlerken suç işlemek amacıyla hareket etmemiş olması gerekir kastla taksir arasındaki önemli ayrım isteme unsurudur kanunun fiilin taksirle işlenen şeklini doğrudan suç olarak kabul etmediği durumlarda taksirle işlenen fiilin suç olarak kabulü mümkün değildir','2026-06-21 12:07:50'),(5,1,'Metin 5','kişi işlemeyi kastettiği bir suçu elverişli hareketlerle doğrudan doğruya icrasına başlayıp elinde olmayan nedenlerle tamamlamazsa teşebbüsten dolayı sorumlu olur suç genelde fiilin işlenmesi ve neticenin meydana gelmesi ile sonuçlanır suçun tam olarak gerçekleşmediği durumlarda da suç genel tanımının dışında kalır işlenen suç tamamlanmaz veya suç unsurlarının eksik olması nedeniyle suçun hukuk tanımına uymaması durumunda suçun özel görünüş şekillerinden bahsetmek gerekir teşebbüs suçun özel görünüş şekillerinden biridir suç yolunda ilerleyen fail çeşitli aşamalardan geçer suç yolunda icra ve tamamlama aşaması olmak üzere iki aşama vardır kasıtlı işlenen suçlarda bahsedilen aşamalara düşünce aşaması da eklenir bu aşama icra aşamasından önce gelir bazen de tamamlanma aşamasını son bulma aşaması takip eder böylece suç yolunda dört aşama vardır denilebilir düşünce aşaması ceza hukukunu ilgilendirmez eyleme dönüşmeyen hiçbir düşünce cezalandırılamaz icra aşamasına geçilmesiyle ceza hukukunun alanına girilir düşüncenin somutlaştırılarak dış dünyada eyleme dönüşmesi her zaman o suçun icrasının başladığı anlamına gelmez bu aşamada da hazırlık hareketleri icra hareketleri ayırımı yapılır hazırlık aşaması kural olarak cezalandırılmaz ancak bazı istisna teşkil eden suçların hazırlık hareketleri cezalandırılabilir icra aşamasında failin suç işleme düşüncesi icrai veya ihmali bir hareketle somutlaşır icra aşamasından sonra tamamlama aşaması gelir tamamlanmış suç fail tarafından işlenen somut fiilin kanundaki soyut tanıma uymasını ifade etmektedir fiil suç tanımına uygun bulunduğu anda suç tamamlanır teşebbüs aşamasında kalmış suçu tam tamamlanmış suçtan ayıran nokta tamamlanma anının yokluğudur suçun tamamlanması ile son bulması aynı olabileceği gibi bazen çakışmayabilir örneğin tokat atıldığında yaralama suçu oluşarak tamamlanır birden fazla tokat atıldığında son tokadın atılmasıyla suç tamamlanmış olur aslında ilk tokadın atılmasıyla suç zaten tamamlanmıştır bütün unsurları tamamlanmış suçla teşebbüs aşamasında kalmış suç arasında manevi unsur yönünden fark yoktur her ikisi de suç sayılan belirli bir sonuca ulaşabilmek amacı ile işlenir teşebbüste eksik failin iradesi dışında kalan nedenle bu sonuca götürecek hareketlerin bitmesi veya biten hareketlerden hedeflenen sonucun oluşmasına engel olmasıdır','2026-06-21 12:07:50'),(6,1,'Metin 6','failin suçun icra eyleminden kendi isteğiyle vazgeçmesi ya da kendi çabası sonucu suçun tamamlanmasını veya sonucun gerçekleşmesini önlemesi gönüllü vazgeçme şeklinde ifade edilir gönüllü vazgeçmede fail suç yolunda sonuna kadar ilerleme imkanına sahipken kendi isteği ile devam etmek istemez gönüllü vazgeçen kişi teşebbüsten dolayı cezalandırılmaz eylemin tamamlanmış olan kısmı eğer herhangi bir suç oluşturursa bu durumda sadece o suça ait ceza ile cezalandırılır gönüllü vazgeçmede fail icra hareketlerine devam edebilecek ve neticeyi gerçekleştirebilecek imkana sahiptir ancak bunu istememektedir neticeyi gerçekleştirme ve devam etme isteğinin olmasına rağmen bu eylemi gerçekleştiremiyorsa gönüllü vazgeçme yoktur saik önemli değildir mağdura duyduğu acıma cezadan korkma günah işleme düşüncesi toplumsal dışlanma endişesi gibi nedenlerle vazgeçme olabilir vazgeçme failin özgür iradesi ile olmalıdır dışarıdan gelen maddi veya manevi baskı altında vazgeçen kişi gönüllü vazgeçmiş olmaz failin iradesi zorlanmış olmamalıdır örneğin failin hırsızlık yapmak için girdiği evde ev sahibine acıyarak ya da günah işleme düşüncesi ile icra hareketlerini tamamlamaktan vazgeçtiği durumda bu vazgeçme gönüllü gerçekleşmiştir sadece tamamlanan kısım suç oluşturuyorsa fail o kısımdan sorumlu olur verilen örnekte fail sadece konut dokunulmazlığının ihlalinden sorumlu olur ancak güvenlik görevlisinin düdüğünü duyduktan sonra pencereden atlayan failin vazgeçme eylemi gönüllü olmayıp fail hırsızlığa teşebbüs suçundan dolayı cezalandırılır failin fiilini sona erdirmesine herhangi bir neden engel olacak şekilde sebep olmuşsa ve bu nedenle fail amacına ulaşamayacağını anlayarak eyleme devam etmeyi bırakmışsa gönüllü vazgeçme yoktur devam etme imkanı olmalı ve kendi iradesiyle kullanmaktan vazgeçmiş olmalıdır failin pişman olurken samimi olması şart değildir ceza korkusu üçüncü kişilerin tavsiyesi veya acıma gibi nedenler failin vazgeçme sebepleri arasındadır etkin pişmanlık kişinin işlemiş olduğu suçlardan dolayı kendi isteğiyle sonradan pişman olması suç teşkil eden fiilin meydana getirdiği olumsuz sonuçları gidermesi halinde uygulanan ceza hukuku kavramıdır suç oluştuktan sonra fail suç eyleminden kendi isteği ile döner ise etkin pişmanlık cezayı ortadan kaldırabileceği gibi cezada indirim yapılabilmesini de sağlar','2026-06-21 12:07:50'),(7,1,'Metin 7','haksız tahrik failin kendi kusuru olmaksızın başkalarının haksız hareketleri sonucunda kapıldığı hiddet veya elemin etkisiyle bir tepki suçu işleyerek hiddetle işlediği tepki suçunun cezasının bir miktar indirilmesidir insan psikolojisinin buhran halini ifade eden haksız tahrik cezayı hafifleten genel kişisel ve kanuni bir nedendir haksız tahrikin kişide oluşturduğu öfke ve şiddetli elem nedeniyle failin iradesinin özgürlüğünün azaldığı ve mağdurun haksız hareketinin suça neden olduğu düşüncesiyle faile daha az ceza verilir cezanın azaltılmasını gerektiren iki neden bulunur bunlar psikolojik nedenler ve haksız tahriktir psikolojide heyecanın bir türü şeklinde nitelendirilen hiddet halidir bu durumda insanın iradesi zayıflayarak rahatlıkla suç işleyebilir bu şekilde suç işleyen kişiler normal durumlarda suç işleyen kişilerden daha az tehlikelidir haksız harekete uğrayan kişinin içine düştüğü bu psikolojik durum göz önünde bulundurulmalıdır çünkü haksız harekete uğrayan kişi iradesi zayıfladığı için kolaylıkla suç işleyebilir objektif veya hukuksal nedenlerin varlığında tahrik edilmesi nedeniyle suç işleyen kişi tek başına suç işlemiş sayılmaz tahrik eden mağdurun da suçu vardır olayda yalnızca faili sorumlu tutmak haksızlık olur çünkü bu suçun işlenmesinde mağdurun yaptığı hareket etkili olmuştur mağdurun kusurlu hareketleri failin cezasında indirim yapılmasını gerektirir kendisine yöneltilen haksız hareketler sonucunda sakinliğini koruması gerekirken bunu yapamayarak duygusal çöküntü yaşayan duyduğu üzüntü ve öfke nedeniyle suç işleyen failin bu etkilenmesine hukuki değer vermek ceza adaletinin gereğidir hakim her olayın özelliğine göre hangi fiilin tahrik edici fiil olduğunu tespit eder tahrik edildiğini söyleyen kişinin durumu olay yeri ve zamanı dikkate alınarak belirlenir tahrik eylemi failin şahsına vücut bütünlüğüne hürriyetine yönelebilir hatta failin yakınlarına sevip değer verdiği kimselere değer yargılarına malvarlıklarına veya faille herhangi bağı olmayan üçüncü kişilere yönelik işlenebilir tahrike sebebiyet veren fiil haksız olmalıdır bir hareketin haksız olması için hukukla çatışması yeterlidir hareketin ayrıca suç oluşturuyor olması gerekmez suçsa zaten haksızdır hiddet şiddetli bir öfkenin hali olarak tanımlanmaktadır kanun hiddet ve elemi birbirine benzediği için aynı nitelikte kabul eder','2026-06-21 12:07:50'),(8,1,'Metin 8','kişinin kendisine veya başkasına ait bir hakka yönelik gerçekleşmesi ya da tekrarı muhakkak olan haksız saldırıyı o andaki mevcut hal ve koşullara göre uzaklaştırmak amacıyla işlenen fiiller meşru savunmadır zorunluluk kapsamında işlenen fiille yapılan saldırının arasında orantı olmalıdır bu zorunluluktan dolayı fail cezalandırılmaz meşru savunma tüm ceza kanunlarında kabul edilen hukuka uygunluk nedenlerinden biridir insanda bulunan kişinin kendini koruma içgüdüsüne dayanır haksız saldırıyla karşılaşan kişi kendisini koruma amacıyla hareket eder hukuk düzeni saldırıya uğrayan kişinin menfaatini kanuna karşı çıkan kişinin menfaatine tercih eder meşru savunma söz konusuysa suç olmadığından failin cezai sorumluluğu bulunmaz bütünüyle sona ermiş saldırıda meşru savunma olmaz başlamamış ancak başlaması muhakkak olan devam eden veya bitmiş olmasına rağmen tekrarı mümkün bulunan saldırı mevcut saldırı sayılır ileride saldırıda bulunacaktı gibi düşünceyle saldırı yapmak meşru savunma değildir saldırı tamamen bittikten sonra bir fiilin işlenmesi halinde de savunmadan bahsedemeyiz bu durumda şartları mevcutsa haksız tahrik söz konusu olur saldırı mutlaka fiziki bir şiddet olarak anlaşılmamalıdır önemli olan savunmayı zorunlu kılan tehlikelerin varlığıdır örneğin bir kişi kapı önünde durup insanların binaya girmelerini engelliyorsa zorunluluk durumu vardır denir ancak sözlü saldırılar bu anlamda saldırı olarak kabul edilmez bir kimsenin belli şekilde hareket etmesine izin veren veya emreden kuralların bulunmaması gerekir hukuka uygunluk nedenleri varken gerçekleşen saldırılar haksız değildir örneğin bir tutuklama emrini yerine getiren polis memuruna karşı şiddet uygulayan kimse meşru savunma durumunda olamaz sadece insanların gerçekleştirdiği eylemler haksız olabilir hayvan saldırısı veya doğada gerçekleşen olaylara karşı savunma meşru savunma olmaz ancak bir tehlike söz konusu olursa o zaman zorunluluk halinden söz edilir eğer bir hayvan sahibi tarafından araç olarak kullanılıyorsa yani saldırıda bulunması için yönlendiriliyorsa saldırgan hayvan değil hayvan sahibidir kişi haksız saldırıya kendisi neden olmuş olsa bile haksız saldırıyı yapan kişi hukuken korunmadan mahrum bırakılamaz kendi haksız hareketiyle diğer kişiyi meşru savunma durumuna sokmuşsa kişinin savunması meşru savunma sayılamaz','2026-06-21 12:07:50'),(9,1,'Metin 9','kendisine veya başkasına ait bir hakka yönelik olup kişinin bilerek neden olmadığı başka şekilde korunma olanağı bulunmayan ağır bir tehlikeden kurtulmak veya başkasını kurtarmak zorunluluğu ile işlenen fiiller zorunluluk halini ifade eder tehlikenin ağırlığıyla konu ve kullanılan araç arasında orantı bulunması koşuluyla işlenen fiillerden dolayı faile ceza verilmez zorunluluktan bahsedebilmek için yaklaşan bir tehlike veya mevcut bir tehlike olmalıdır derhal korunma hareketi yapılmazsa korunmaya çalışılan yararın zarar görme ihtimali daha büyük olabileceğinden yakın tehlike de mevcut tehlike olarak kabul edilir tehlike durumunun nedeni önemli değildir insanın açlık susuzluk gibi ihtiyaçları veya doğal nedenler hatta insan saldırısı da neden olabilir insan saldırısı durumunda saldırıya uğrayan kişinin hareketi saldırgana karşı değil tehlikeye yabancı başka kimseye karşı olmalıdır zorunluluk hali gerçekleştiğinde tehlike mutlaka masum üçüncü kişinin zarar görmesini haklı gösterecek ağırlıkta olmalıdır bu durumda hem tehlikenin ağır olması hem de ortaya çıkabilecek zararın ağır olması gerekir örneğin tehlikeye neden olan kişi daha sonra yaptığı hareketi bertaraf etmek amacıyla üçüncü kişilere zarar vermesi durumunda zorunluluk halinden faydalanamaz tehlikeye kasten veya bilinçli taksirle sebep olan kişi bu durumdan faydalanamaz taksirli hareketi nedeniyle tehlikeye sebep olan kimse tehlikeye bilerek neden olmuş sayılmaz tehlikeye bilerek neden olunması failin hem iradi hareketle tehlikeye neden olması hem de tehlikeyi öngörmüş veya istemiş olması anlamına gelmektedir korumaya ilişkin koşullarda kişinin fiilinin tehlikeden kurtulmak için zorunlu olması gerekmektedir başka türlü kurtulma imkanı varsa suç işleyip tehlikeyi önleyen kişi zorunluluk halinden faydalanamaz tehlikede bulunan hak başkasının hakkına zarar vermeden korunabilir bir haksa zorunluluk hali yoktur örneğin kaçarak tehlikeyi önlemek mümkünse yine zorunluluk hali yoktur tehlikeye maruz kalan kişi bu tehlikeye göğüs germe yükümlülüğündeyse bu kişi tehlikeyi bertaraf etmek için üçüncü kişilere zarar verdiğinde zorunluluk halinden yararlanamaz örneğin gemi kaptanı olası bir tehlikede tüm yolcuları tahliye ettikten sonra gemiyi terk edebilir bir komutan savunmaya yarayan tüm araçları tüketmeden düşmana teslim olursa zorunluluk hali olmaz','2026-06-21 12:07:50'),(10,1,'Metin 10','kanunun ayrı tuttuğu durumlar dışında sanık duruşmada hazır bulunmazsa hazır bulunmayan sanıkla ilgili duruşma yapılmaz sanığın duruşmaya gelmemek için geçerli bir nedeni yoksa duruşmaya zorla getirme kararı alınır ancak sanıkla ilgili elde edilen deliller dikkate alındığında mahkumiyet haricinde bir karar verilmesi sonucuna ulaşılırsa dava sanığın yokluğunda bitirilir mahkemeye gelen sanığın duruşmanın devam ettiği süre boyunca hazır olması sağlanır ve duruşmadan kaçmasını engelleyecek önlemler alınır sanık sorguya çekilir ve artık duruşmada bulunmasına gerek kalmaz ise bu durumdaki sanık duruşmadan çekilebilir ya da verilen aradan sonraki oturumlara katılmasa bile dava yokluğunda bitirilir mahkeme tarafından sorgusu yapılan sanık ya da bu hususta sanık tarafından yetki verilen müdafi talepte bulunursa mahkeme sanığı duruşmada hazır bulunmaktan bağışık tutabilir hastalık disiplin önlemi veya zorunlu diğer sebeplerle yargılamanın yapıldığı yargı çevresi dışındaki bir hastane ya da tutukevine gönderilmiş sanığın sorgusu yapılmışsa diğer celselere katılmamasına mahkeme tarafından karar verilebilir sanığın beş yıl hapis ve daha fazla cezasını gerektiren suçlar dışındaki suçlar için istinabe yoluyla sorgusu yapılabilir sorgu için saptanan gün cumhuriyet savcısı sanık ve müdafine iletilir cumhuriyet savcısı ile müdafinin sorgu işlemi esnasında hazır bulunması zorunlu değildir sanığa sorgu işlemi başlamadan önce ifadesini esas mahkemesi önünde verme isteği sorulur sorgu işlemine ait tutanak duruşmada okunur yurt içinde bulunan sanığın sorgusu hakim veya mahkemenin zorunlu bulduğu hallerde görüntülü ve sesli iletişim tekniği kullanılarak yapılır bu durumdaki sanığın duruşmalara aynı teknik aracılığıyla katılmasına karar verilir yurt dışında olması sebebiyle duruşma tarihinde duruşmaya katılması mümkün olmayan sanık yönünden duruşmanın yapılacağı tarihten önce duruşma açılarak veya istinabe yoluyla sorgusu yapılabilir duruşmada sanığın yüzüne karşı suç ortaklarından birisinin ya da bir tanığın doğruyu söylemeyeceği izlenimi oluşabilir bu durumda mahkeme sorgu ve dinleme işlemi esnasında sanığı mahkeme salonundan çıkarma kararı alabilir sanık tekrar geldiğinde ise tutanaklar okunur duruşma anında savcı ya da müdafi sanığa katılana tanıklara ve duruşmaya çağrılan diğer kişilere doğrudan soru sorabilirler','2026-06-21 12:07:50'),(11,1,'Metin 11','soruşturma evresinde hakkında suç işlediği şüphesi bulunan kişilere şüpheli denir kovuşturma evresinin başlamasından hükmün kesinleşmesine kadar geçen süreçte hakkında suç şüphesi bulunan kişilere ise sanık denir şüpheli ve sanık ceza muhakemesi sürecinde savunma makamı olarak yer alır şüpheli veya sanık savunma hakkını kendisi kullanabileceği gibi istemesi halinde savunma sürecinde müdafiden yararlanabilir bir şüphelinin sanık sıfatı alması için soruşturmada elde edilen deliller ile yeterli şüpheye ulaşılması ve buna dayanarak savcı tarafından hazırlanan iddianamenin mahkeme ya da hakim tarafından kabulü gerekir şüpheli ve sanık muhakeme süreci tamamlanıp kesin hüküm verilinceye kadar suçlu veya suçsuz olarak ifade edilemez şüpheli veya sanık hakkında suç işlediği şüphesi mevcutsa nihayetinde insan olduğu unutulmamalı ve insanlık onuruna yakışmayan uygulamalara maruz bırakılmamalıdır şüpheli ve sanık ceza muhakemesinde birçok haklara sahiptir ceza muhakemesinin temel ilkeleri aynı zamanda şüpheli ve sanığın hakları olarak kabul edilir şüpheli ve sanık hakları arasında haklarını ve yapılan suçlamayı öğrenme hakkı yakınlarına haber verilmesini isteme hakkı susma hakkı delillerin toplanmasını talep etme hakkı dosyayı inceleme ve dosyadan örnek alma hakkı müdafiden yararlanma hakkı ve lekelenmeme hakkı bulunmaktadır şüpheli veya sanığa soruşturma ve kovuşturma evrelerinde hakkında işlem yapılan ilk anda yetkili makamlar tarafından hakları açıklanır müdafi seçme hukuki yardımdan faydalanma susma ve delillerin toplanmasını isteme hakları olduğu kendisine bildirilir ayrıca şüpheli ve sanığa kendisine yöneltilen suçlamanın ne olduğu bildirilir ifade alınması veya sorguya çekilme işlemi gerçekleşmeden önce şüpheli ya da sanığa kendisine yöneltilen isnadın ne olduğu açıklanır susma hakkı şüpheli ve sanığın kendisine yöneltilen suç hakkında açıklama yapmamasıdır kişi bu hakkı hiçbir soruya cevap vermeyerek tamamen bazı sorulara cevap verip bazılarına vermeyerek kısmen de kullanabilir sanığın kendisine yöneltilen suç isnadını çürütmek için lehine olan delillerin toplanmasını talep etme hakkı mevcuttur ayrıca sanığa kendisini savunarak isnat olunan suç şüphesini ortadan kaldırma hakkı tanınır şüpheli ve sanık ceza soruşturması ve kovuşturmasının her aşamasında bir müdafiden yararlanma hakkına sahiptir','2026-06-21 12:07:50'),(12,1,'Metin 12','ön inceleme aşaması sona erdikten sonra sözlü yargılama için taraflar duruşmaya davet edilir taraflara duruşma için davetiye gönderilir davetiyede tarafların belirlenen gün ve saatte geçerli bir mazereti olmadan duruşmaya gelmemeleri halinde yokluklarında devam edileceği yazılır bu aşamadan sonra devam edilen duruşma süreci için yapılan işlemlere itiraz etme haklarının sona erdiği bildirilerek sözlü yargılamada duruşmanın ertelenmesi halinde tekrar davetiye gönderilmeyeceği bildirilir duruşmaya usulüne uygun olarak davet edilmiş olan taraflar duruşmaya gelmez ya da gelip de davayı takip etmezler ise bu durumda dosyanın işlemden kaldırılmasına karar verilir usulüne uygun şekilde davet edilmiş olan taraflardan biri duruşmaya gelir diğeri gelmezse gelen tarafın talebi üzerine yargılamaya gelmeyen tarafın yokluğunda devam edilir veya dosya işlemden kaldırılır geçerli bir sebebi olmadan duruşmaya gelmeyen taraf yokluğunda yapılan işlemlere itiraz edemez mahkeme taraflardan birinin talebi üzerine talep eden tarafın veya vekilinin aynı anda ses ve görüntü nakli yoluyla bulundukları yerden duruşmaya katılmalarına ve usul işlemleri yapmalarına karar verebilir mahkeme resen veya taraflardan birinin talebi ile tanık bilirkişi ya da uzmanın aynı anda ses ve görüntü nakli yoluyla bulundukları yerden dinlenilmesine karar verebilir mahkeme tarafların üzerinde serbestçe tasarruf edemeyecekleri dava ve işlerde ilgililerin aynı anda ses ve görüntü nakledilmesi yoluyla bulundukları yerden dinlenilmesine resen karar verebilir mahkeme fiziki engel veya güvenlik sebebiyle duruşmanın il sınırlarının içinde başkaca yerde yapılmasına yargı çevresi içinde yer aldığı bölge adliye mahkemesi adalet komisyonunun uygun görüşünü alarak karar verebilir hakim duruşma esnasında düzeni bozan kişinin avukatlar hariç duruşma salonundan çıkarılmasını emreder kişi uyarıya rağmen mahkemenin düzenini bozmaya devam ederse uygun olmayan söz söyler ve davranışlarda bulunursa yakalanır ve hakkında dört güne kadar disiplin hapsi uygulanır bu hüküm avukatlar hakkında uygulanmaz mahkeme huzurunda söylenen sözler ve uygun olmayan davranışlar suç teşkil ediyorsa bu durum tutanak altına alınarak cumhuriyet başsavcılığına bir yazı ekinde gönderilir suç teşkil eden fiili işleyen kişinin avukatlar hariç gerekiyorsa tutuklanmasına karar verilir','2026-06-21 12:07:50'),(13,1,'Metin 13','duruşma herkese açıktır ancak genel ahlakın veya kamu güvenliğinin kesin olarak gerekli kıldığı hallerde duruşmanın bir kısmının veya tamamının kapalı yapılmasına mahkemece karar verilebilir duruşmanın kapalı yapılması konusundaki gerekçeli karar ile hüküm açık duruşmada açıklanır sanık on sekiz yaşını doldurmamışsa duruşma kapalı yapılır hüküm de kapalı duruşmada açıklanır bu duruma zorunlu kapalılık denilir kapalı duruşmada mahkeme bazı kişilerin hazır bulunmasına izin verebilir bu halde adı geçenler duruşmanın kapalı olmasını gerektiren hususları gizli tutması için uyarılır ve bu husus tutanağa yazılır kapalı duruşmanın içeriği hiçbir iletişim aracıyla yayımlanamaz açık duruşmanın içeriği milli güvenliğe genel ahlaka kişilerin saygınlık onur ve haklarına dokunacak veya suç işlemeye sevk edecek ölçüde ise mahkeme bunları önlemek amacıyla ve gerektiğinde duruşmanın içeriğinin kısmen ya da tamamen yayımlanmasını yasaklar ve kararını açık duruşmada açıklar sanığın sorguya çekilmesinden sonra delillerin ortaya konulmasına başlanır ancak sanığın tebligata rağmen mazeretsiz olarak duruşmaya gelmemesi sebebiyle sorgusu yapılamamış ise bu durum delillerin ortaya konulmasına engel olamaz ortaya konulan deliller sonradan gelen sanığa bildirilir cumhuriyet savcısı ile sanık ya da müdafi birlikte rıza gösterirler ise tanığın dinlenmesi veya başka herhangi bir delilin ortaya konulmasından vazgeçilir delilin ortaya konulması istemi bunun veya ispat edilmek istenen olayın geç bildirilmiş olması nedeniyle reddedilemez ortaya konulması istenilen bir delil kanuna aykırı olarak elde edilmişse reddedilir ortaya konulan deliller ile ilgili tartışmada söz sırasıyla katılana veya vekiline cumhuriyet savcısına sanığa ve müdafine veya kanuni temsilcisine verilir cumhuriyet savcısı katılan veya vekili sanık müdafinin veya kanuni temsilcisinin açıklamalarına sanık müdafi ya da kanuni temsilcisi de cumhuriyet savcısının katılanın veya vekilinin açıklamalarına cevap verebilir hüküm öncesi son söz hazır bulunan sanığa verilir bu aşamada zorunlu müdafinin hazır olmaması hükmün verilmesine engel teşkil etmez hakim kararını ancak duruşmaya getirilmiş ve tartışılmış delillere dayandırır bu deliller hakimin kanaatiyle takdir edilebilir yüklenen suç hukuka uygun her türlü delille ispat edilebilir duruşma için tutanak tutulur','2026-06-21 12:07:50'),(14,1,'Metin 14','görevsizlik yetkisizlik birleştirme ayırma davanın nakli ve durma gibi kararlar usule yönelik kararlardır iddianamenin kabulü sonrası işin davayı gören mahkemenin görevini aştığı ya da dışında kaldığı anlaşılırsa mahkeme bir kararla işi görevli mahkemeye gönderir davaya bakan mahkeme görevli olup olmadığına kovuşturma evresinin her aşamasında resen karar verebilir görev ile ilgili mahkemeler arasında uyuşmazlık çıkması halinde görevli mahkemeyi ortak yüksek görevli mahkeme belirler duruşmada suçun hukuki niteliğinin değişmesi ile görevsizlik kararı verilerek dosya alt dereceli mahkemeye gönderilemez görevli olmayan hakim ya da mahkeme tarafından yapılan yenilenebilecek bütün işlemler hükümsüzdür adli yargı içindeki mahkemeler bakımından verilen görevsizlik kararlarına karşı itiraz yoluna gidilebilir davaya bakma yetkisi suçun işlendiği yer mahkemesine aittir suçun işlendiği yer belli değilse şüpheli ya da sanığın yakalandığı yer yakalanmamışsa yerleşim yeri mahkemesi yetkilidir birkaç hakim veya mahkeme arasında olumlu ya da olumsuz yetki uyuşmazlığı çıkarsa ortak yüksek görevli mahkeme yetkili hakimi veya mahkemeyi belirler yetkisizlik kararını ilk derece mahkemesince sanığın sorgusundan önce bölge adliye mahkemesince duruşmasız işlerde incelemenin hemen başında duruşmalı işlerde inceleme raporu okunmadan önce verilir bu aşamadan sonra yetkisizlik itirazı olamayacağı gibi mahkemeler de bu hususta resen karar veremez yetkisizlik kararına karşı itiraz yoluna gidilebilir mahkeme bakmakta olduğu birden çok dava arasında bağlantı görür ise birlikte bakmak ve hükme bağlamak üzere bu davaların birleşmesine karar verebilir birleşen davalarda bu davaları gören mahkemenin tabi olduğu yargılama usulü uygulanır davaların ayrılması kararı yargılamanın daha sağlıklı yürütülmesi adına birlikte açılmış ya da sonradan birleştirme kararı verilmiş davaların ayrı olarak görülmesi için verilen bir karardır işin esasına girdikten sonra ayrılan davalara aynı mahkeme devam eder kovuşturma evresinin her aşamasında bağlantılı ceza davalarının birleşmesine veya ayrılmasına yüksek görevli mahkeme karar verir yetkili hakim veya mahkeme hukuki veya fiili sebeplerle görevini yerine getiremeyecek herhangi bir durumda bulunurlarsa yüksek görevli mahkemece davanın başka bir yerde bulunan aynı derecede mahkemede görülmesi için nakline karar verilir','2026-06-21 12:07:50'),(15,1,'Metin 15','takip talebiyle birlikte icra dairesi borçluya ödeme emri gönderir borçlu süresinde itiraz etmezse ödeme emri kesinleşir bu aşamada alacaklının cebri icra talebine devam etmesine haciz talebi denir alacaklının haciz talebinde bulunmasından sonraki üç gün içerisinde alacaklının faiziyle birlikte giderler dahil olmak üzere borçludan alacağı menkul gayrimenkul mallar ya da alacak haklarının miktarı kadar haciz işlemi yapılır bu işlemi yetkili icra dairesi memuru yapar borçlu haciz işlemi yapan icra dairesi görevlilerine kıymetli mallarını göstermeye mecburdur görevlilerin gerekirse kolluk kuvvetleri aracılığıyla zor kullanma yetkileri vardır icra dairesi görevlileri haczedilen her kıymetli malı takdir ettikleri kıymeti ile birlikte haciz tutanağına yazar kıymet takdiri konusunda şüphe olan durumlarda bilirkişiye başvurulur alacaklının dışında başka alacaklıların da hacze iştirak etmesi için yapılan takip talebi veya icra mahkemesinde açılan davadan önce işleme konulmuş geçerli belgelere sahip olmaları gerekir ayrıca yapılan haciz işlemi satış yoluyla paraya çevrilmemiş olmalıdır davadan takip talebinden önce alınan bir aciz vesikası ilam senet veya resmi dairelerden alınan hak doğurucu belge olmadan hacze iştirak edilemez borçlunun taşınmazının haczedilmesi için tapuda üzerine kayıtlı olması yeterlidir icra müdürlüğü ilgili taşınmazın kayıtlı bulunduğu tapu sicil müdürlüğüne haciz yazısı yazarak haciz işlemini gerçekleştirir borçlunun taşınır malları ise icra dairesi görevlileri tarafından kıymet takdiri yapılarak bulunduğu yerde haciz tutanağına geçirilir borçlunun üçüncü şahıslar üzerindeki hak ve alacakları için de taşınır mallara özgü haciz işlemleri uygulanır icra müdürlüğü talebe istinaden üçüncü kişi adına bir haciz ihbarnamesi gönderebilir üçüncü kişilerin haczedilen malları arasında sadece taşınır olanları için hak iddiasında bulunmaları mümkündür bulundukları iddiaya istihkak iddiası denir haciz işlemi yapılırken haciz yapılan mallar üzerinde borçlunun dışında başka birinin de sahipliği olduğu borçlu ya da üçüncü bir şahıs tarafından iddia edilirse bu iddia icra müdürlüğünce tutanak altına alınır icra dairesi iddiayı taraflara tebliğ eder tarafların beyanları için kendilerine üç günlük süre verilir konunun tarafları verilen süre zarfında itiraz etmezlerse iddia kabul edilmiş sayılır','2026-06-21 12:07:50'),(16,1,'Metin 16','dilekçeler bireylerin muhatabına meramını anlattığı yazılı metinlerdir bu metinlerin hukuk kuralları ile belirlenmiş şekil şartları olsun ya da olmasın her dilekçede mutlaka uyulması gereken bazı şartları vardır diğer bir deyişle meramın düzgün ve etkin biçimde ifade edilmesinde yazılı olmasa da olağan özellikler bulunmaktadır ilkokul yıllarımızdan itibaren türkçe derslerinde türkçe dil bilgisi kuralları yazım imla ve noktalama kompozisyon yazımı gibi dersler verilmiştir bu derslerde yıllardır öğretilen hususlar bugün basit bir dilekçe yazımında en temel özellikler olarak karşımıza çıkar buradan hareketle herhangi bir dilekçenin sahip olması gereken genel özellikler şu şekilde sıralanabilir dilekçeler çizgisiz kağıda yazılır dilekçe yazarken el yazısı ya da bilgisayar kullanılabilir el yazısının kullanılması durumunda tükenmez veya dolma kalem kullanılmalıdır kurşun kalemle dilekçe yazılmamalıdır dilekçe kağıdın bir yüzüne yazılır kağıdın arkalı önlü kullanımı uygun değildir ayrıca sayfanın üst kısmında altında sol ve sağ yanlarında boşluk bırakılmalı ve dilekçe metni sıkışık bir biçimde yazılmamalıdır bazı dilekçe örnekleri başvurular için tek tip bir formatın uygulanması ve kişilere kolaylık sağlaması bakımından matbu olarak bulunur bu matbu dilekçelerin uygun biçimde doldurulması ile başvuru yapılabilir dilekçede sonradan silme tahrifat kazıntı olmamalıdır başka bir imkanın bulunmadığı durumlarda ise dilekçe üzerinde yapılan bu değişikliğin bilginiz dahilinde olduğunu ifade eden ilgili yerin paraflanması yöntemi kullanılabilir dilekçe metni açık ve anlaşılır bir şekilde ele alınmalıdır kelimeler kısaltılarak yazılmamalıdır dilekçede hitap metin tarih ad ve soyad imza iletişim bilgileri ve varsa ekler bölümü bulunur basit kompozisyon yapısı konularında öğrendiğimiz gibi metin temel olarak giriş gelişme sonuç kısımlarından oluşur benzer şekilde dilekçe de bu bölümlerden oluşmaktadır dilekçelerin giriş bölümünde olay anlatılır gelişme bölümünde ilgili soruna ilişkin istekler talepler dile getirilir sonuç kısmında ise saygı sunumu ve arz kısmı bulunur dilekçelerin açık ve anlaşılır biçimde yazılması için öncelikle türkçe hakimiyetinin iyi olması gerekir dilin gerek konuşma gerek yazıda etkin ve zengin kullanılması çocuk yaşlardan itibaren kazanılan okuma alışkanlığı ile oldukça ilişkilidir','2026-06-21 12:07:50'),(17,1,'Metin 17','tipe uygun hukuka aykırı kusurlu insan davranışı olarak tanımlanan suç karşılığında uygulanan yaptırıma ceza denir cezalar hürriyeti bağlayıcı nitelikte olabileceği gibi para cezası da olabilir yine hürriyeti bağlayıcı nitelikteki cezalar tek tip olmayıp işlenen suçun özelliğine göre farklı sürelerle belirlenebilir ayrıca belirtmek gerekir ki ceza mutlak suretle bir suçun karşılığı olmak zorunda değildir kabahat niteliğindeki düzene aykırılık eylemleri için de öngörülen yaptırımlar arasında idari para cezaları bulunmaktadır ve bu cezalar da infaz hukukunun konusunu oluşturmaktadır geleneksel olarak cezanın amaçlarını iki grupta toplamak mümkündür birincisi ceza ödetmeye hizmet eder diğer bir deyişle işlenmiş kusurlu fiilin kuralları ihlal etmesine misilleme tepkisidir ikincisi önlemeye hizmet etmektedir yani toplum veya bireyler üzerinde etkili olmak suretiyle suçu önlemeye çalışmaktadır bugün baskın görüş ödetici ve önleyici amaçları bütünleştirmiş bulunan karma görüştür bu bağlamda ceza bir yandan suçluyu topluma uyumlu hale getirmeyi gerekirse toplumdan dışlamayı amaçlarken öte yandan yasada düzenlenmek ve infaz edilmek suretiyle korkutmalıdır gerçekten bugün uzlaştırıcı teoriler geçerli olup bu teorilerin ulaştığı çizgi ceza hukukunun günümüzdeki özel işlevini de ortaya koyar ceza hukukuna özgü amaçlardan ilki toplumsal yaşam yönünden en önemli değerleri özel biçimde korumaktır ceza temel hak ve özgürlükleri sınırlandırmış olduğundan ancak önemli durumlarda ortaya çıkabilir kural olarak örneğin bir sözleşmenin ihlali cezalandırılmaz bu yönüyle ceza hukuku hukuk sisteminin içinde diğer hukuk dallarına yardımcıdır son çaredir bunun zorunlu bir sonucu olarak ceza hukuku yaptırımları arasında da özgürlüğü bağlayıcı ceza son çare olarak görülmelidir genel ve özel önleme ceza hukukunun özel işlevi bakımından önemli rol oynamaktadır genel önlemenin bir işlevi yerine getirdiği muhakkaktır ancak özel önlemenin gerçekleşmesi yani bireyin uslanarak yeniden topluma kazandırılması için infaz konusunda bazı özel düzenlemelere ihtiyaç duyulmaktadır bu nedenle özellikle infaz hukuku temel ilkeleri belirlenmiş ve infaz kurumları yeniden şekillenmiştir gerekli önlem alınsa da cezaevindeki psikolojik durum bireyi farklı eylemlere sevk eder bu durum özellikle kısa süreli cezalarda dikkat çekmektedir','2026-06-21 12:07:50'),(18,1,'Metin 18','hukukun tanımlanması ve doğasının ya da öz niteliğinin kavranması için hukukun temel işlevlerinin bilinmesi zorunludur hukukun temel işlevlerini üç ana başlık altında toplayabiliriz bunlar hukukun düzen sosyal gereksinimleri karşılama ve adalet işlevleridir her ne kadar hukukun tanımlanması konusunda bir görüş birliğinin varlığı söz konusu değilse de hukukun işlevsel açıdan adalete yönelen toplumsal yaşam düzeni olarak tanımlanması mümkündür hukuk kavramının tanımı gereğince düzen adalet ve sosyal gereksinimleri karşılama olmak üzere üç temel işlevi bulunmaktadır buna bağlı olarak hukuk normlarının biçim sosyal olgu değer yargısı olmak üzere üç temel karakteri söz konusudur belirtildiği üzere hukukun üç temel işlevinin analizi hukukun doğasının kavranmasına imkan tanır ancak temel işlevlerin analizi dışında bu işlevler arasındaki çelişkilerin de ortaya konulması zorunludur zira hukukun doğasında mündemiç bulunan bu temel işlevler arasında çatışık bir ilişkiler ağı bulunmaktadır örneğin hukukun düzen işlevi somut hukuksal olayların kendilerine özgü niteliklerini göz ardı eden bir şekillenmeye yönelirken adalet işlevi hakkaniyet ilkesi gereği somut hukuksal olayların özelliklerini dikkate alır hukukun öz niteliğinden kaynaklı bu çelişkilerin tümden ortadan kaldırılması olası değildir ancak bu işlevler arasında bir uyumu ya da bütünlüğü sağlama olasılığı söz konusudur hukukun bu temel işlevleri bağlamında adalet işlevinin temel nihai amacı oluşturduğunun ifade edilmesi gerekmektedir hukukun tanımında olduğu gibi amacının belirlenmesinde de bir görüş birliği söz konusu değildir hukukun amaçları bağlamında düzen güvenlik adalet özgürlük ve eşitlik gibi bazı kavramlar gündeme gelmektedir insanın doğası gereği toplumsal bir varlık oluşu toplumsal yaşam düzenini gerekli kılmaktadır insanlık tarihi boyunca bu ihtiyacın bir yansıması olarak insanlar bir takım kurallar ile sosyal yaşamlarını düzenlemeyi amaçlamıştır bu hedef kapsamında ahlak din örf ve hukuk kuralları toplumsal düzeni sağlamayı amaçlayan kurallar bütünü olarak ortaya çıkmışlardır bu düzenleyici kurallar bütününün en önemlisini oluşturan hukuk öncelikle bir düzen kavramını ifade etmektedir hukuk düzeni belirli bir formda varlık kazanmaktadır düzenin bir gereği olarak form hukukun kendi öz niteliğinin bir parçasını oluşturmaktadır','2026-06-21 12:07:50'),(19,1,'Metin 19','ispat bir olayın veya olgunun varlığı ya da yokluğu konusunda hakimin kanaat sahibi olmasına yönelik faaliyet olarak tanımlanabilir bir hususu ispatlamaya çalışmak bu konu hakkında hakimi ikna etmek anlamına gelir bir davada iddia ve savunmaya bağlı olarak karşılıklı iddiaları ispatlamaya yarayan kanıtların toplanarak mahkemeye sunulması tarafların yükümlülüğü altındadır bir davada davacı somut olay bakımından iddiasını dayandırdığı olguları davalı ise savunmasını dayandırdığı olguları ispat etmek zorundadır hukuk hayatında bir olayın kimin tarafından ispat edilmesi gerektiği sorununa ispat yükü denir türk medeni kanununa göre kanunda aksine bir hüküm bulunmadıkça taraflardan her biri hakkını dayandırdığı olguların varlığını ispatla yükümlüdür hükümden anlaşılacağı üzere kural olarak iddia eden iddiasını ispatla yükümlüdür ancak burada yükümlülük değil bir yük vardır diğer bakış açısıyla kişi iddiasını ispat edemezse diğer taraf onun ispatını isteyemez bu genel kuralı takiben ispat yükünün bazı istisnalarının olduğuna işaret edilmiştir istisnalardan bahsetmek gerekirse olağan durumun aksini ispat iddia eden tarafa düşmektedir örneğin kural on sekiz yaşını tamamlamış kişinin tam fiil ehliyetinin bulunmasıdır bu kişinin hukuki bir işlem yapması halinde fiil ehliyetinin bulunduğu kabul edilecek aksini iddia eden iddiasını ispat etmek zorunda kalacaktır herkes tarafından bilinen olayların ispatına gerek bulunmamaktadır bunun aksini iddia eden iddiasını ispatla yükümlüdür ispat yükünün özel olarak kanun hükmüyle belirlendiği durumlarda ispat yükü özel kanun hükmünde yazılı kimseye düşmektedir örneğin borçlar kanunu hükümleri gereği haksız eylemde zararı ispat etmek davacıya aittir kanun birtakım karineler koyarak o karineye dayanan tarafı ispat yükünden kurtarmıştır karine belirli olaydan veya varlığı bilinen olgudan belirli olmayan olay veya varlığı bilinmeyen olgunun çıkarılması anlamına gelmektedir karineler fiili ve kanuni karineler olmak üzere ikiye ayrılmaktadır fiili karineler belirli bir olaydan belirli olmayan bir olay için hakim tarafından çıkartılan sonuçtur kanuni karinelerse bir olaydan belirli olmayan bir olay için kanun tarafından çıkartılan sonuçlardır bazı kanuni karinelerse kesin karine olup aksi ispat edilemez örneğin tapu siciline kayıtlı olan hususların bilinmediği ileri sürülemez','2026-06-21 12:07:50'),(20,1,'Metin 20','kurum ve kuruluşlarda üretilen belgelerin korunması da en az belge yönetiminin diğer unsurları kadar önemlidir belgelerin uzun zaman boyunca zarar görmeden korunmasının yanı sıra kurumsal ve belgelenebilecek yapıya uygun bir saklama planının tasarlanması gerekir dosyalar öncelikle güneş ışınları rutubet yangın ve su baskınları gibi tehlikelerden korunmalıdır belgelerin fiziksel özelliğini bozan bazı zararlı etkilerin de mümkün olduğunca azaltılması gerekir bunlar kağıt içindeki asit miktarı bakteri toz haşere gibi zararlı etkenlerden kaynaklanır ayrıca gizli ve önemli belgelerin tahrip olmasının çalınmasının veya kopyalanmasının önüne geçilmesi de son derece önemlidir bu tür belgeler gerekli görüldüğü takdirde ayrı ve güvenli bir yerde tutulmalıdır belgeleri korumanın üç önemli nedeni vardır bunlar belgeleri bilgi kaybına neden olacak her türlü tahrip edici unsura karşı korumak belgelerin kaybolmasını önlemek belgelerin ilk haldeki gibi asli düzenlerinin bozulmasını engellemek şeklinde sıralanabilir işaret edilen bu nedenler belgelerin hem fiziksel olarak korunmaları hem de belgelere erişimin doğru eksiksiz ve hızlı sağlanması ile ilişkilidir kurum ve kuruluşlarda belge yönetiminin son aşaması arşiv çalışmalarıdır kurumların faaliyetlerinin sonucunda ortaya çıkan ve çeşitli kullanım alanları olan belgeler belirli bir süre saklandıktan sonra arşivlerde muhafaza edilir bu bağlamda arşivler kurum ve kuruluşların bilgi depolarıdır arşiv malzemesinin uzun süre güvenli bir ortamda sağlam bir şekilde muhafaza edilebilmesi için arşivleme araçlarına ihtiyaç duyulur arşiv malzemelerinin ne tür kaplarda saklanacağı bunları yerleştirecek raflar dosya dolabı imha makinesi gibi arşivleme araçları da en az arşiv araçları kadar önem taşır plastik veya karton malzemelerden üretilen kutuların içerisine arşivlenecek malzemeler belirli bir düzene göre yerleştirilir arşivlenecek malzemenin dağılmadan toplu bir şekilde saklanması sağlanır arşiv kutularının içerisine koyulan arşiv malzemelerinin içeriği hakkında kutunun dışına bilgiler yazılır arşiv süresi kısa olan ve bir süre sonra imha edilmesi planlanan arşiv aletlerinin istifinde arşiv kutuları tercih edilir bu kutuların sık sık hareket etmesi zarar vereceğinden kalıcı bir şekilde istifine özen gösterilir arşiv malzemesi saklama kutusu ucuzdur hiçbir metal ve kimyasal madde olmadan katlama usulü yapılır arşiv malzemesi bırakıp tekrar rahatça çıkarılabilecek şekilde kapatılır','2026-06-21 12:07:50'),(21,1,'Metin 21','yasal temsil dava ehliyeti olmayan kişiler için öngörülmüş temsildir ayrıca tüzel kişilerin kendilerini temsile yetkili organı aracılığıyla temsil edilmesi yasal temsil kapsamında değerlendirilir yasal temsilin hangi hallerde mümkün olduğu içeriği ve sona ermesi kanunla belirlenir yasal temsilci temsil ettiği kişi adına hareket eder bu sebeple davanın açılıp açılmayacağına tek başına karar veremez örneğin davanın açılması için izin gerekliyse yasal temsilci izin belgelerini mahkemeye vererek dava açabilir gerekli olan belgelerin mahkemeye verilmemesi durumunda dava açılmamış sayılır türk hukuk sisteminde avukatla temsil zorunlu değildir bu nedenle dava ehliyeti bulunanlar kendi davasını açıp takip edebilir veya atadığı bir temsilci aracılığıyla davasını açabilir ve takip edebilir bu tür durumlarda iradi temsil söz konusu olur iradi temsil tarafların iradelerine dayanan temsildir davanın taraflarından herhangi birisi kendisini temsil edecek kişiye vekalet vererek davayı takip etmek isteyebilir ancak vekalet verilecek kişiler yalnızca baroya kayıtlı avukatlardır kişiler noterde yapacakları işlemle baroya kayıtlı avukatlar arasından bir veya birkaçına vekalet verebilir vekalet temsil yetkisi bakımından genel vekalet ve özel vekalet olmak üzere ikiye ayrılır genel vekalet davada gerekli olan işlemlerin tamamını yapabilme yetkisidir ancak genel vekaleti olan kişilerin vekalet verenin izni olmadan yapamayacağı işlemler de bulunmaktadır hukuk muhakemeleri kanununa göre temsilcilerin sulh olma davanın tamamını ıslah etme hakimi reddetme yemin teklif etme yemin kabul etme gibi bazı işlemleri yapabilmesi açık yetki verilmesiyle mümkündür belirli bir veya birkaç işlemin temsilci aracılığıyla yapılmasına olanak veren vekalet türüne ise özel vekalet denir özel vekaletname olarak düzenlenmiş vekaletnamede temsilcinin yapabileceği işlemler yer aldığı için temsilci bu işlemlerin dışında işlem yapamaz dava devam ederken taraflardan birisinin kendisine yardım etmek üzere üçüncü kişiye davayı haber vermesine davanın ihbarı denir davanın ihbarı genel itibarıyla davaya müdahale değildir nitekim davaya müdahale üçüncü kişinin kendi isteğiyle gerçekleşir mecburi dava arkadaşlığının mevcut olduğu durumlarda davanın ihbarı söz konusu değildir davanın ihbarının ilk koşulu ihbar yapılacak kişinin davanın tarafı olmayan üçüncü kişi olmasıdır ihbarda bulunan tarafın ihbarda bulunmak için herhangi bir makamdan izin almasına gerek yoktur','2026-06-21 12:07:50'),(22,1,'Metin 22','toplum düzeninin ayakta kalması ve sosyal barışın korunması için kişilerin sahip olduğu hakları hukuk düzeni korumalıdır hukukun tek işlevi kişilerin sahip olduğu hakları düzenlemek değildir hukuk düzeninin bir yandan kişilerin haklarını tanıması diğer yandan kendiliğinden hak almayı yasaklaması sonucu bireysel hakların korunması devletin sorumluluğu altına girmiştir devlet bu sorumluluğu nedeniyle mahkemeler kurmuş ve kişilere dava hakkı tanımıştır dava hakkı bir kişinin hak elde etmek veya sahip olduğu hakkın korunmasını temin amacıyla devletin tarafsız ve bağımsız mahkemelerine başvurma hakkını ifade etmektedir kişinin dava hakkını kullanarak mahkemeye başvurması ve devletin hak dağıtmada harekete geçmesini istemesine dava denilmektedir dava medeni yargılama hukukunda taraf sistemi üzerine kurulmuştur davayı açan kişiye davacı kendisine karşı dava açılan kişiye ise davalı denir karşılıklı uyuşmazlığın bulunduğu çekişmeli bir yargıda hakim davalı ve davacı rolünde olan tarafların olup olmadığını göz önünde bulundurur çünkü çekişmeli yargıda davacı ve davalının olması dava şartlarından biridir dava şartları ise davanın açılması ve dava konusu anlaşmazlık hakkında araştırma yapılıp esas hakkında karar verilmesi için gerekli olan şartlardır tarafın belirtilmesi dava şartı olduğu için dava açılırken davalı tarafının gösterilmesi zorunludur dava açılırken davalı taraf gösterilmemiş ise dava dilekçesi reddedilir çünkü mahkemenin belirtilmemiş tarafı araştırma yükümlülüğü yoktur diğer taraftan dava açılırken dava dilekçesinde birden fazla davalı veya birden fazla davacı gösterilebilir mahkemede taraflar eşit hak ve yetkilere sahiptir buna medeni yargılama hukukunda silahların eşitliği denir bu eşitlik davalı ve davacının mutlak anlamdaki eşitliğini değil şekli anlamdaki eşitliğini ifade eder çünkü davada tarafların üstlendikleri roller nedeniyle birçok farklılık bulunur ancak hakim tarafları dinleyerek sonuca ulaşacaktır çekişmeli davada dava şartı olan davalının ve davacının bulunması çekişmesiz yargı için söz konusu değildir medeni yargılama hukukunun bir alt dalı olan çekişmesiz yargı karşılıklı bir uyuşmazlığın olmadığı ve tarafların yer almadığı yargı türüdür bu yargı türünde taraf kavramı yerine ilgili kavramı mevcuttur çekişmesiz yargılamada birden fazla ilgili bulunabilir hatta bu ilgililer farklı iddialar ve taleplerde bulunabilir bu sebeple çekişmesiz yargıda talep birliği olup olmaması önemli değildir','2026-06-21 12:07:50'),(23,1,'Metin 23','eşya kavramı hukuk dilinde günlük dilde kullanılan eşya kavramından biraz farklılık gösterir günlük dildeki kavram sıklıkla varlıkların fiziksel özelliklerini ifade etmek için kullanılırken hukukta varlıklara fiziksel özelliklerinin yanında işlevsel bir anlam da yüklemektedir hukukta herhangi bir varlığın eşya olarak kabul edilebilmesi için onun sadece fiziki yapısına bakılmaz aynı zamanda ekonomik toplumsal ahlaki işlevine bakılır örneğin tek mısır tanesi hayvanın tek tüyü günlük hayatta fiziksel olarak eşya gibi değerlendirilebilir fakat hukuken bunlar tek başına eşya olarak kabul edilmemektedir çünkü tek mısır tanesinin veya tek hayvan tüyünün insanın herhangi bir ihtiyacını karşılayacak büyüklüğe ekonomik değere veya miktara sahip olduğu iddia edilemez bunların üzerinde bir sanatçının çok küçük boyutlarda işlediği yazı veya resim mevcutsa bu varlıklar hukuken eşya olarak kabul edilecektir bu durumda varlıklarda işlevsel bir farklılığın ortaya çıktığı görülmektedir bu eşyaların sahibi kişilerin bunların sanat eserine dönüştüğünü ekonomik değerlerinin arttığını veya başka eşyalarla değiş tokuş yapılabileceğini iddia edebilecekleri tahmin edilebilir türk medeni kanununda sadece fiziki varlığı olan şeylerin eşya olarak kabul edileceği belirtilmiştir hukuk fiziki varlığı bulunmayan ama ekonomik değeri olan şeyleri de bazı hallerde eşya gibi kabul etmektedir örneğin bazı hakların eşya gibi sayıldığı ve bunların da eşyalarda olduğu gibi satış veya devir konusu olabilmesi mümkündür türk medeni kanununda bir varlığın eşya sayılması için hukuki iradeye elverişli olması gerektiği belirtilmiştir burada kastedilen varlığın yasaklı olmaması gerektiği ve bireysel mülkiyete alınamayacak sınırları olmayan varlıkların eşya olarak sayılamayacağıdır örneğin hukuken satışı yasaklanmış herhangi bir madde ülkenin doğal kaynakları gökyüzü gezegenler eşya hükmünde kabul edilemez bunlar herhangi bir şekilde mülkiyete konu edilemez eşyaların kişisel olmaması kuralına göre insanların vücudu organları ve cesedi eşya olarak kabul edilemez veya bunlar üzerinde herhangi bir hak iddia edilemez insan vücudunun doğal bir parçası haline gelmiş takma organlar da eşya olarak kabul edilemez fakat takma dişe benzer nitelikte vücuttan kolaylıkla çıkarılıp el değiştirebilecek olan protez parçalar insan vücudunun parçası olarak görülmemekte ve eşya olarak sayılmaktadır eşya farklı ölçütler içinde değerlendirilip farklı türlerde ele alınmaktadır','2026-06-21 12:07:50'),(24,1,'Metin 24','normatif sistem olarak da anılan tescil sistemine göre tüzel kişiliğin kişilik kazanma anı tüzel kişinin kurulması için gerekli olan koşulun yetkili makam tarafından incelenme sonrasıdır yetkili makam tarafından yapılan inceleme sonucunda kuruluş şartlarının yerine getirildiğinin tespit edilmesi halinde tüzel kişiliğe izin çıkar örneğin türk hukukuna göre vakıflar tescil sistemi ile kurulur tüzel kişiliği kurmak isteyen kişilerin herhangi yetkili bir makamdan izin almasına gerek olmayan sistem ise serbest kuruluş sistemi olarak anılır bu sistemde tüzel kişiliğin kazanılması için gerekli olan koşullar mevzuat tarafından daha önceden belirlenmiştir mevzuat tarafından belirlenmiş olan koşulların yerine getirilip getirilmediği herhangi bir makam kontrolünden geçmez bu sebeple serbest kuruluş sisteminde mevzuat tarafından belirlenmiş koşullar yerine getirildiği anda tüzel kişilik kazanılmış olur örneğin siyasi partiler sendikalar ve dernekler serbest kuruluş esasına dayanır tüzel kişiliğin kazanılma anı kadar tüzel kişiliğin sona erme anı da önemlidir çünkü tüzel kişiliğin fiil ehliyetinin veya hak ehliyetinin sona ermesi ancak tüzel kişiliğin son bulmasıyla mümkündür tüzel kişiliğin sonlanması tüzel kişiliğin sona erme nedenlerine göre belirlenir medeni kanunun ve diğer kanunların ilgili hükümlerine göre tüzel kişiliğin sonlanması üç şekilde olmaktadır bunlar kendiliğinden sona erme bir iradeyle sona erme mahkeme kararıyla sona ermedir tüzel kişiliğin kanun veya kuruluş işleminde mevcut belirli nedenlerin gerçekleşmesi sonucu başka işlem veya karara gerek olmadan kanun gereği sona ermesi durumunda tüzel kişilik kendiliğinden sona ermiş kabul edilir infisah veya dağılma olarak ifade edilen durum genellikle tüzel kişiliğin amacını gerçekleştirmesi veya tüzel kişiliğin amacını gerçekleştirmesinin imkansız hale gelmesi durumunda gerçekleşir örneğin belirli süre için kurulmuş tüzel kişiler sürenin dolmasıyla kendiliğinden sona erer tüzel kişiliğin sona erme sebeplerinden diğeriyse fesihtir tüzel kişiliğin iradeyle sona ermesi durumuna örnek olan bu sona erme sebebinde tüzel kişilik yetkili organ veya mahkeme kararı ile sona erebilir yetkili organlardan kasıt ilgili tüzel kişilerin bu konuda karar almaya yetkili organıdır tüzel kişiliği sona erdiren sebeplerden sonuncusu ise mahkeme tarafından verilen karardır kanunda sayılan belirli bir nedenin ortaya çıkmasıyla tüzel kişilik mahkeme kararına dayanılarak sona erdirilebilir','2026-06-21 12:07:50'),(25,1,'Metin 25','dünya üzerinde gerçekleşen bütün olumlu gelişmeler yalnızca insanın varlığının devam etmesine yönelik etkilere sahiptir günümüzde meydana gelen gelişmelerin yeniliklerin en önemli etkisi bu unsurların insanın kişiliğini geliştirmeye hizmet etmesi ve kişiliğini korumasıdır hukukta kişi hak ve borçlara sahip olabilen varlıktır kişilik kavramı ise dar anlamda ve geniş anlamda olmak üzere iki farklı şekilde tanımlanmaktadır dar anlamda kişilik ile kişi kavramı eş anlamlıdır geniş anlamda kişilik hak ehliyetini fiil ehliyetini kişilik haklarını ve kişisel hal sicillerini kapsamaktadır kişisel haller kişinin kendine özgü bulunan onu diğer insanlardan ayıran nitelikleridir örneğin kişinin erginliği medeni durumu cinsiyeti gibi unsurlar kişisel haller arasında bulunan ve hukuk düzeni tarafından dikkate alınan niteliklerdir kişinin insan onuruna yaraşır bir hayat sürdürebilmesinin olmazsa olmaz şartı onun maddi manevi ve ekonomik bütünlüğü ile kendi varlıkları üzerinde sahip olduğu mutlak haktır kişilik hakkı parayla ölçülemeyen vazgeçilemeyen başkasına devredilmeyen ve mirasçılara geçmeyen bir haktır örneğin bir kişinin şeref ve haysiyeti özgürlüğü aile içi sırları fikri faaliyetleri adı şöhreti gibi unsurlar kişilik hakkı kapsamında olup başkalarına devredilemez niteliktedir kişilik haklarının vazgeçilemez ve devredilemez haklar olduğu medeni kanunun ilgili maddesinde kimse hak ve fiil ehliyetlerinden kısmen de olsa vazgeçemez kimse özgürlüklerinden vazgeçemez veya onları hukuka ya da ahlaka aykırı olarak sınırlayamaz ifadesi ile kesin olarak belirtilmiştir bahsi geçen maddede kişilik haklarının devredilemez nitelikte olduğu vurgulanmış ise de hangi unsurların kişilik hakkı içerisinde yer aldığı açık bir şekilde belirtilmemiştir bu unsurların belirtilmemesinin sebebi insan varlığını oluşturan ve insanın sırf insan olduğu için sahip olduğu değerleri bir bütün olarak belirtmenin zor olmasıdır bir diğer sebep ise sınırsız sayıda olan kişilik haklarının kanun ile sınırlandırılmasının kişilik haklarına doğrudan zarar verecek bir durum olmasıdır hukukta kişilik hakları konusunda sınırlı sayı ilkesi geçerli değildir medeni kanunda sayılmamış ise de hukuk bilimciler kişilik haklarını maddi haklar manevi haklar mesleki haklar ekonomik haklar gibi farklı kategorilerde incelemektedir maddi haklar kişinin vücut bütünlüğüne yönelik hakları iken manevi haklar kişinin onuru ve saygınlığına yönelik haklarıdır','2026-06-21 12:07:50'),(26,1,'Metin 26','hukukta önemli olgulardan biri hak sahibi olmak olup bunu ispat ederek ortaya çıkarabilmek aynı derecede önemlidir gerçekte hak sahibi olan birçok kişinin ispat kurallarına dikkat etmemesinden kaynaklı hakkını ispat edemediği bunun sonucunda mağdur olduğu çok fazla örnek bulunmaktadır dolasıyla hak kazanılırken ve kullanılırken ileride durumun nasıl ispat edileceği düşünülmelidir bir hukuki uyuşmazlıkta taraflar her türlü delille hakkını ispat edebilir medeni kanun bu ispat araçlarından resmi belgelere özel bir önem yüklemiştir medeni kanunun ilgili maddesinde kanunda aksine bir hüküm bulunmadıkça taraflardan her biri hakkını dayandırdıkları olguların varlığını ispatla yükümlüdür ifadesi ile iddia edenin ispat etmekle yükümlü olduğu belirtilmiştir bir kişi birisinden alacağı olduğunu iddia ediyorsa bu durumu kişinin ispat etmesi gerekmektedir borçlunun borçlu olmadığını ispat etmesi gerekmez hukuken haklı olduğunu savunan ve tartışma başlatan taraf hakkının dayandığı olayları olguları ispat etmek zorundadır buna karşın diğer taraf da karşı ispat hakkını kullanmakta serbesttir burada önemli olan tartışmayı başlatanın yani haklı olduğunu iddia edenin ispatla yükümlü olmasıdır örneğin evlilik birliğinin temelinden sarsılması iddiasıyla dava açan yani hukuken tartışmayı başlatan davacı eş bu evliliğin ne şekilde sarsıldığını ispat etmek zorundadır diğer eşin evliliğin sarsılmadığını ispat etme yükümlülüğü bulunmamaktadır ancak taraflar kendi iddialarını ispat etme hakkına sahiptir toplum yaşamının daha rahat ve güvenli hale gelmesi hukuk kurallarıyla oldukça ilgilidir bunun için kanunlar bazı kurallara istisnalar getirerek insanların hukuki ilişkilerini kolaylaştırmak ister ispat yüküyle ilgili kural iddia edenin ispat etmesi olduğu halde bazı durumlarda kanun olağan genel doğruları hukuken doğru olarak varsaymaktadır hukuken doğruluğu kabul edilen bu türden varsayımlara karine denir örneğin medeni kanuna göre yaş küçüklüğü akıl hastalığı akıl zayıflığı sarhoşluk ya da bunlara benzer sebeplerden biriyle akla uygun biçimde davranma yeteneğinden yoksun olmayan herkes kanuna göre ayırt etme gücüne sahiptir buna göre medeni kanunda sıralanan durumların dışında kalan herkesin ayırt etme gücüne sahip olduğu karinesi benimsenmiştir dolayısıyla birinin ayırt etme gücünün olmadığını düşünen kişi bunu ispat etmelidir','2026-06-21 12:07:50'),(27,1,'Metin 27','kamu gücüne ve otoritesine sahip olan çeşitli devlet kurumları ve kuruluşlarının bu otoriteye tabi kişilerle veya birbirleriyle olan ilişkilerini düzenleyen hukuk kurallarına kamu hukuku denir insanların ve oluşturdukları toplulukların eşit şarta ve yetkilere tabi özgür kimseler olarak kendi aralarındaki ilişkilerini düzenleyen hukuk kuralları ise özel hukuk olarak tanımlanmaktadır kamu hukukunun en temel niteliği bu hukuk alanına giren ilişkilerde tarafların eşit olmaması kamu yararının temsilcisi konumundaki devletin ve diğer kamu tüzel kişilerinin üstün konumda bulunmasıdır bu konumları onlara tek taraflı olarak ilişkinin kapsamını ve içeriğini belirleme imkanı vermektedir özel hukuku karma hukuk ve kamu hukukundan ayrıştıran en önemli özellik bu alandaki hukuk ilişkilerinin eşitlik ve irade serbestisi ilkesine dayanmasıdır hukukta asıl olan bireylerin özgürlüklerinin ve haklarının güvence altına alınmasıdır kamu hukuku özel hukukun hizmetinde ve onun üzerinde koruyucu olmalıdır tarihsel açıdan bakıldığında anayasa hukuku idare hukuku ve ceza hukukunun da birey hak ve özgürlüklerini korumak üzere geliştirildikleri görülmektedir anayasal metinler yöneticilerin siviller üzerindeki baskılarını sınırlandırma bunu en aza indirme mücadelelerinin sonucudur aslında kamu hukukunun da karma hukukun ve özel hukukun da asıl gayesi birey hak ve özgürlüklerini korumaktır günümüzde özel hukuk ve kamu hukuku bundan dolayı gittikçe birbirine daha çok yaklaşmaktadır fakat bu açıdan bakılsa da gerek kamu hukukunun gerekse karma hukukun ve bunların alt dallarının özel hukuktan ayrılmış başlı başına birer hukuk dalı olduğu görülmektedir kişilerin birbirleriyle olan ilişkilerini eşitlik ve irade serbestisi ilkesi doğrultusunda düzenleyen özel hukuk kuralları konuları ve özellikleri itibarıyla birbirinden oldukça farklıdır yıllar içerisinde toplumsal hayatta iletişimde teknolojide meydana gelen değişimler birçok yeni hukuki problemleri de beraberinde getirmiştir bu karmaşık hukuk ilişkilerini sadece özel hukuk olarak tanımlamak yetersiz kalmaya başlamıştır özel hukuk bir üst kavram olarak kalması şartıyla kendi içinde çeşitli dallara ayrılmıştır örneğin daha öncesinde medeni hukukun parçası olan borçlar hukuku şimdilerde başlı başına hukukun dalı haline gelmiştir önceden özel hukuk içinde sayılan fikir hukuku artık karma hukuk içinde sayılmaktadır özel hukukun alt dalları farklı kaynaklarda farklı şekilde sayılabilmektedir','2026-06-21 12:07:50'),(28,1,'Metin 28','bilgi akışını sağlayan yazılı sesli veya görsel araçlara kitle iletişim araçları denir bu akış bireyden çoğula veya çoğuldan bireye doğrudur kitle iletişim araçlarının belirleyici özelliği bir mesajı aynı anda çok sayıda kişiye ulaştırmasıdır ülkemizde sıklıkla kullanılan kitle iletişim araçlarının başında televizyon gelir televizyonun hemen hemen herkesin evinde bulunması ücretsiz olması ve her kitleye hitap etmesi bunun ana nedenleri arasındadır herhangi bir toplumsal sorunun çözümünde toplumun geneline ulaşmak onları mevcut sorun hakkında yüz yüze bilgilendirmek oldukça zordur ancak kitle iletişim araçlarını kullanarak çok sayıda insana ulaşmak onları bilgilendirmek ve onların görüşlerini almak daha kolaydır kitle iletişim araçları bu kolaylığının yanı sıra kitleyi olumsuz etkileme ve yönlendirme gibi özelliklere de sahiptir kitle iletişim araçları yapısal özellikleri nedeniyle farklı kitleler tarafından tercih edilmektedir örneğin gazete tek başına ve tüketicinin genel veya özel düşünceleri duyguları ve davranışlarında ölçü olarak değerlendirdiği gruplara danışılmadan hızlı okunan kitle iletişim aracıdır gazete günlük haberleri gelişmeleri öğrenmek için alınır gazetenin bir kere okunması yeterlidir ancak anlaşılmayan konular olunca tekrar okuma şansı vardır dergi evlerde iş yerlerinde bir haftadan daha uzun süre durabilir dergi birkaç kere okunabilir çünkü dergide yazılanlar defalarca okunabilir ve referans gruplarıyla tartışılabilir dergiler özellikle belli konularda ayrıntılı araştırmaları içerdiği için başvuru aracı olarak kullanılabilir radyo ise gazete ve dergiden çok daha farklı bir kitle iletişim aracıdır radyoda sade açık ve tekrarlanan bir metin ses yoluyla kitleye ulaştırılır metnin içeriği ve ses tonlaması gibi özellikler kitle üzerinde etkili rol oynar ama sesli iletilerin hızlı unutulma riskleri vardır televizyonda hareketli görüntü ve ses vardır ancak televizyon görüntüsü yanılsamadır gerçekte görüntü yoktur küçük noktaların yoğunluklarıyla oluşan resim insan zihninde önceden tanımlanan bilgilerle çakıştırılır ve bu bilgiler algılanıp anlam kazanır yarım görüntülerin diğer yarısını zihin tamamlar zihin mekanik olarak çalışır ancak gazete okurken olduğu gibi kod çözmeyle uğraşmaz eskiden izleyicinin anında çözümleme yapması gerekirken yeni teknoloji ile artık televizyon yayınları internet üzerinden izlenip kayıt edilebilmektedir','2026-06-21 12:07:50'),(29,1,'Metin 29','ayırt etme gücüne sahip ve ergin olup kısıtlı olmayan kişiler tam ehliyetliler grubuna girer tam ehliyetliler hiçbir izne gerek olmaksızın kendi iradeleriyle hukuki işlemleri gerçekleştirebilirler borç altına girebilirler yaptıkları hukuka aykırı hareketlerden de sorumlu olacaklardır kendi haklarını korumak için dava açabilirler ayırt etme gücüne sahip olmayan herkes tam ehliyetsizdir ayırt etme gücüne sahip olmayan kişinin kısıtlı olup olmadığına veya ergin olup olmadığına bakılmaksızın tam ehliyetsiz olduğu söylenebilir doğruyla yanlışı ayırt edebilecek zeka seviyesine sahip olmayan kişilere üç yaşındaki çocuk veya elli yaşındaki akıl hastası örnek olarak verilebilir tam ehliyetsizler fiil ehliyetine sahip değillerdir tam ehliyetsiz kişiler ayırt etme gücüne sahip olmadıklarından dolayı evlenemezler ayrıca tam ehliyetsizler hukuki işlem yapamazlar bu yaptıkları hukuki işlem geçersiz sayılır bu kişilerin hukuki işlemlerini anne babası veya ayırt etme gücü olmayanlara hukuki işlemlerde onları temsil etmek ve menfaatlerini korumak için mahkeme tarafından atanan yasal temsilciler yürütür ancak mahkemece atanan vasiler tam ehliyetsiz kişiler adına bazı hukuki işlemleri yapamazlar bu işlemlere örnek vermek gerekirse kefil olmak vakıf kurmak ve bağış yapmaktır tam ehliyetsiz sayılan akıl hastaları başkalarının malına verdiği zarardan sorumlu olmazlar yaptıklarından dolayı bu kişilere ceza verilemez ancak akıl hastalarının kusursuz sorumluluğu söz konusu olabilir yani başkalarının malına zarar veren akıl hastasının ekonomik durumunun iyi olması halinde mahkeme tarafından sebep olduğu zararları ödemesine hükmedilebilir ancak ceza verilemez normalde tam ehliyetliler bazen dış etkenlerle tam ehliyetsiz hale gelebilir buna sarhoşluk örnek verilebilir kişi sarhoşken ayırt etme gücüne sahip olmayacağından dolayı tam ehliyetsizdir iradeleriyle sarhoş olan kişiler ayırt etme gücüne sahip olmasalar bile yaptıkları hukuka aykırı eylemlerden dolayı sorumludurlar örneğin kişi kendi iradesiyle sarhoş olup başkasının arabasına zarar vermesi halinde hem ceza almak hem de verdiği zararın karşılığını ödemek zorunda kalır kişi kendi iradesi dışında sarhoş olduğunu ispatlarsa ceza yaptırımı uygulanmaz sınırlı ehliyetli tam ehliyetli şartlarını taşıdığı halde ehliyeti sınırlanan kimsedir ayırt etme gücüne sahip ve ergin olup kısıtlı olmayan kişiler yani tam ehliyetli şartlarını taşıyıp da kendilerine yasal danışman atanan kişilerdir','2026-06-21 12:07:50'),(30,1,'Metin 30','hak kavramı hukukla ilgili temel kavramlardan biridir adalet ve hukuka uygunluk anlamlarına gelen hak kelimesi arapça hukuk kelimesinin tekil halidir verilmiş bir emekten dolayı maddi ve manevi yetkidir hak yasalar ve anlaşmaların insana tanıdığı yetkilerin toplamıdır kişiler haklarını kullanıp kullanmama iradesine sahiptirler bir hakkın kullanımı ise medeni kanunda belirtildiği üzere dürüstlük ilkesi dahilinde olmalıdır hak sahipleri özel veya tüzel kişiler olabilir sağ olarak doğmak koşuluyla ana rahmine ilk düştüğü andan itibaren insanlar hak ehliyetini kazanırlar haklar kanunlarla düzenlenerek koruma altına alınırlar haklar aslında hukuk kurallarına dayanır toplum içinde yaşayan herkesin üstlenmesi gereken belli başlı rolleri bulunur aynı zamanda devletler ve uluslararası kuruluşlar tarafından güvence altına alınan haklar da bulunmaktadır din ve vicdan hürriyeti düşünce hürriyeti özel hayatın gizliliği hakları sahip olduğumuz haklardandır kişilerin hukuk düzeni tarafından korunan menfaatlerini ifade eden hak kavramı hukuk kavramı ile birleşiktir bilimsel bir disiplin sistemi olarak hukuk kişiler arası ilişkileri kişiler ile devlet veya devleti oluşturan kurumlar arası ilişkileri ve devlet ile devletler arası ilişkileri düzenleyen kurallar bütünüdür hukuk kişilere yetki verebileceği gibi yaptırım da uygulayabilir ceza yaptırımı yasaya ve kurala aykırı davranılması halinde hukuk düzenince öngörülen sonuçtur yaptırımın amacı ise kişilerin hukuka uygun davranmasını sağlamak ve toplumsal düzene aykırı davranışın meydana getirdiği olumsuz sonuçları önlemektir örneğin trafikte kırmızı ışıkta durması gereken bir aracın yoluna devam etmesi halinde aracı kullanan kişiye ve araç sahibine trafik cezası yaptırımı uygulanması borcunu zamanında ödemeyen kişinin malına hukuki yollarla el konularak alacaklıya hakkın verilmesi bir mala zarar veren kişiye bu malın değerinin ödettirilmesi gibi hukuk sisteminin en önemli özelliği yasaların açık anlaşılır ve kesin olmasıdır yazının icat edilmesinden sonra bütün yasalar yazılı hale getirilmiştir yasal kurallar sistemli şekilde toplanmış açıklık ve kesinlik kazanarak kolayca başvurulacak kaynak haline getirilmiştir hukuk gelişirken birtakım esaslar üzerinde durulur bütün hukuk kurallarının amacı kendine yapılmasını istemediğin bir şeyi başkasına da yapmamak üzerine kuruludur zaten insanlar huzur ve güven içinde yaşamak için hukuka ihtiyaç duymuşlardır ve hukuk herkes için vardır','2026-06-21 12:07:50'),(31,3,'Metin 1','s??z u??ar yaz?? kal??r atas??z?? her t??rl?? i?? haberle??me hizmet faaliyetinin kay??t alt??na al??nmas??n??n ??nemini ifade etmek i??in kullan??lmaktad??r kurumlar??n veya ki??ilerin yapt??klar?? eylemleri somutla??t??ran vesika olarak ifade edilebilecek olan belge bir i??e y??nelik olu??turulan yaz??l?? ka????t veya dijital kay??tlar??n tamam??d??r hizmetler i??lemler ve haberle??meler esnas??nda ortaya ????kan yaz??lm???? bas??lm???? ??ifrelenmi?? veya resmedilmi?? ka????tlara belge denir belge ayn?? zamanda ki??iler veya kurumlar aras?? s??zs??z ileti??imi sa??layan bir dok??mand??r varaka kelimesi arap??a k??kenli tek yaprak ka????t anlam??na gelen kelimedir bu kelimenin ??o??ulu olan evrak kelimesi ise ka????tlar anlam??na gelmektedir dolay??s??yla yaz??l?? ka????t oldu??u ifade edilen belge kavram?? yerine zaman zaman evrak ifadesinin kullan??labilece??i bilinmelidir belge ve kay??t ara??lar?? ilk ortaya ????kt?????? g??nden bug??ne bir hayli de??i??mi??tir ilk d??nemlerden g??n??m??z teknolojisine gelene dek yaz?? ve kay??t ara??lar??nda insan hayat??n?? kolayla??t??ran de??i??imler ya??anm????t??r insanlar g??nl??k hayatta bir??ok yaz??l?? belgeyi okurlar i?? yerinde ve ??zel hayatta s??kl??kla yaz??l?? belgelerle kar????la????l??r bilgi vermek bilgi almak s??zle??me yapmak rapor haz??rlamak gibi bir??ok i??te yaz??l?? belgeler kullan??l??r bu belgeler dosyalanarak saklanabilir gerekti??inde yeniden ele al??narak incelenebilir bir??ok alanda yo??un bir ??ekilde belge kullan??m?? oldu??u i??in haf??zaya g??venerek i??lerin yap??lmas?? d??????n??lemez haliyle insanlar??n haklar??n?? koruma ve g??vence alt??na alma ihtiyac?? belgelerin yaz??l?? olmas??n?? gerektirmi??tir s??zl?? ileti??imde unutulan d??????n??lmeyen durumlar olabilirken yaz??l?? anlat??mda ki??i kendini d??????nerek mant??kl?? ve gerekti??i gibi ifade etmektedir iste??i ??ikayeti duyurmak veya herhangi bir konuda bilgi vermek i??in resmi veya ??zel kurum ve kurulu??lara ger??ek veya t??zel ki??ilere yaz??lan imzal?? ba??vuru yaz??s??d??r dilek??e beyaz ka????da yaz????ma kurallar??na uygun bir ??ekilde yaz??l??r dilek??ede talepler k??sa ve ??z bir ??ekilde ifade edilir dilek??enin mavi t??kenmez kalemle imzalanmas?? gerekir gizli belgeler muhatab??ndan ba??kas??n??n okumamas?? ve g??rmemesi gereken hayati derecede ??nemli belgelerdir a??z?? m??h??rl?? ve kapal?? zarfta gelen bu belgelerin gizlilik derecesi ??zerinde belirtilir haliyle normal belgeye g??re daha ??nce i??leme al??nan bu belgelerin kayd?? da zarf ??zerinde yap??ld??ktan sonra belge muhatab??na ula??t??r??l??r her a??amas??nda gizlili??e uyulan bu belgelerin dosyalan??p saklanmas?? di??er belgelerden farkl??d??r','2026-06-22 21:02:28'),(32,3,'Metin 2','devlet kurumlar??nda ve ??zel i??letmelerde s??rekli devam eden yaz??l?? ileti??imden kaynakl?? belge dola????m?? vard??r bir kuruma di??er kurumlardan veya ki??ilerden ula??an belgeler gelen belge kapsam??ndad??r gelen belgenin ilgili birime ula??t?????? andan itibaren teslimi kontrol?? ve s??n??fland??rmas?? usul??ne uygun olarak yap??l??r b??y??k kurulu??larda bu i??lemleri ayr?? birim yaparken k??????k kurulu??larda bu g??revi sekreter yapar gelen belgenin hangi i??leme tabi tutulaca???? belgenin nereden geldi??ine hangi s??kl??kla geldi??ine bak??larak de??erlendirilir kurum ve kurulu??lara belgeler posta arac??l??????yla kurye eliyle faks kargo eposta ya da elektronik yolla gelebilir gelen belgenin sadece ilgili taraf??ndan ve gerekiyorsa imza kar????l?????? al??nmas?? belgenin do??ru ki??i ya da birime ula??mas??nda ??nemli bir husustur ifade edildi??i gibi belge ??e??itli yollarla iletilebilir belgenin insan eliyle iletilme s??recinde zaman ve maliyet kayb?? ya??an??rken elektronik ortamda belgenin g??nderilmesi zaman ve maliyet kazanc?? sa??lar ayr??ca belgenin elektronik ortamda g??nderilmesi k??rtasiye i??lerini ve b??rokrasiyi azaltt?????? i??in hem s??re?? h??zlan??r hem de ka????t israf??n??n ??n??ne ge??ilmi?? olunur kurumlarda ve i??letmelerde gelen giden ve kurum i??i s??reklilik g??steren belge ak?????? olmaktad??r belge ak?????? g??n??m??ze kadar ??o??unlukla insanlar arac??l??????yla yap??lmaktaysa da ??imdilerde yo??un ??ekilde elektronik ortamlarda yap??lmaktad??r zaman?? etkili kullanmak ve verimlili??i art??rmak i??in i??lem g??rm???? bir belgenin tekrar g??zden ge??irilmesine gerek yoktur bu y??zden e??er belgeyle ilgili gereken yap??lm???? ise belgenin dosyalanmas?? isabetli olur i??letmede belgenin tasnif ve ilgili i??lemi yapma s??recinde zaman ve i?? g??c??nden tasarruf sa??lamak belirli ilkelere ba??l?? olarak ??al????may?? gerektirir zaman?? ekonomik kullanabilmek i??in i?? yerinin ve ??al????ma masas??n??n da????n??k olmamas?? gerekir bunun i??in planl?? ??al????mak ve yap??lacak i?? s??re??lerini belirleyip i??leri zaman??nda yap??p bitirmek temel ilke olmal??d??r ??al????ma ortam??n??n da????n??kl??????n??n ??n??ne ge??mek i??in belge klasman?? y??nteminden yararlan??labilir belge klasman?? y??ntemi sayesinde da????n??kl????a f??rsat vermeden belgenin ilgili yere iletilmesi s??reci h??zlan??r zaman y??netimi kurumun sa??l??kl?? bir i??leyi??inin olmas?? ve belge y??k??n??n azalt??lmas?? bak??m??ndan ??ok ??nemlidir dosya ve belgelerin kar????mamas?? i??in el alt??nda haz??r olmas?? gerekenler ba??vuru an??nda bulunmas?? gerekenler ar??ive gidecek belge ve dosyalar imha edilecekler olarak gruplara ayr??l??r 2 metin -- 1 of 1 --','2026-06-22 21:02:28'),(33,3,'Metin 3','gelen belge defterine ayr??ca gelen belgenin ??zerine kaydedildi??ine dair belge kay??t ka??esi bas??l??r bas??lan ka??enin ??zerine belgenin geldi??i tarih gelen belge defterinden ald?????? s??ra numaras?? gidece??i birim bilgileri veya ilgili ki??i yaz??l??r g??nderilen ki??iden kaydedilen belgeye cevap gelmesi halinde verilen cevab??n tarihi ve giden belge defterinden ald?????? ????k???? s??ra numaras?? yaz??l??r ihtiya?? duyuldu??unda belgeye ula??t?????? saat yaz??labilir acele ve ??nceli??i olan belgeler bekletilmeden i??leme al??n??r dergi bro????r ve g??nl??k gazete benzeri dok??manlar kaydedilmeden ilgili birime g??nderilir faturalar belge kay??t defterine s??ra numaras?? verilerek kaydedilir arkalar??na ka??e bas??larak ait oldu??u birimin kodu belgenin s??ra numaras?? ve geli?? tarihi yaz??l??r gelen belge birden fazla birimi ilgilendiriyorsa ??ncelikle ilk g??nderim birinci derecede ilgili birime ula??t??r??l??r di??er g??nderimler ikinci ve ??????nc?? derecede ilgili birimlere g??nderilir belgenin ula??t?????? ilk birim kendisiyle ilgili i??lemleri yapt??ktan sonra belgeyi s??ras??yla ikinci ve ??????nc?? ilgili birimlere g??nderir bu ??ekilde belge ilgili b??t??n birimlerde i??lem g??rm???? olur belge fotokopi ile g??nderilecek birim say??s?? kadar ??o??alt??l??r belgenin asl??n??n ??zerine di??er n??shalar??n hangi birimlere g??nderildi??i fotokopilerin ??zerine de belgenin asl??n??n hangi birimde oldu??u belirtilir y??netici onay??ndan ge??en belgeler ilgili teslim alma servisine g??nderilir gelen belge kay??t defterine kaydedilir konular??na g??re zimmet edilerek ilgili servislere g??nderilir belgenin birden fazla servisi ilgilendirdi??i durumlarda belge konuyla ilgili ilk servise iletilir bu servis belgeyi di??er servislere g??nderir belge birden fazla konuyla ilgiliyse birden fazla konunun dosyas??na girebilir b??yle durumlarda belge birinci derecede ilgili oldu??u dosyaya yerle??tirilir di??er dosyalara ??apraz ba??vuru formu konur bu i??lem sayesinde ilgili her dosyaya bak??ld??????nda belge hakk??nda bilgi edinilir ve belgeye h??zl??ca ula????l??r yanl???? gelen evrak a????lmadan fark edilirse da????t??c?? ve kuryelere verilerek iade edilir belgenin yanl???? geldi??i a????ld??ktan sonra fark edilirse ??st yaz??yla ??o??unlukla geldi??i yere bazen gidece??i yere g??nderilir gelen evrak birimine gelen belgenin do??ru olarak gelip gelmedi??i numaralar??na imzalar??na bak??larak kontrol edilir belge kontrol edildikten sonra zimmetli veya zimmetsiz olarak teslim al??n??r kurumlarda elden teslimi ve takip edilmesi gereken belgeler i??in zimmet defteri kullan??l??r','2026-06-22 21:02:28'),(34,3,'Metin 4','kurumlar??n birbirleri aras??ndaki belge ak??????ndan dolay?? kuruma belge geldi??i gibi kurumdan d????ar?? da belge gitmektedir kurum d?????? ki??i veya kurumlara belge g??nderilmesi giden belge kavram??n?? ortaya ????karm????t??r belge y??netimi gere??ince giden belge ??e??itli i??lemlerden ge??er giden belgeler giden belge defterine veya fi??ine kaydedilir haberle??me servisi gelen giden evrak servisi belge i??leme b??l??m?? gibi ??e??itli adland??rmalar yap??lan birimler vas??tas??yla gelen giden evrakla ilgili gerekli i??lemler yap??l??r tasnif kay??t g??zden ge??irme dosyalama ar??ivleme gibi i??lemler yap??l??r gerekti??i durumlarda belge ilgili ki??iye veya kuruma g??nderilir giden belge s??recinde ??ncelikli oldu??u ifade edilen belgeler h??zl?? bir ??ekilde haz??rlan??p gerekli i??lemler yap??ld??ktan sonra g??nderilir bir belgenin ??ncelikli oldu??unu i??eri??ine g??re belgeyi haz??rlayan ki??i belirler gelen belgenin g??nl?? veya s??reli oldu??u belirtilmi?? ise belgeler s??resi i??inde cevapland??r??l??r haz??rlanan belge giden evrak kay??t defterine kaydedilir evraka i??lemine g??re iki farkl?? yolla numara verilebilir elle olu??turulan giden evraklar taranarak programa kaydedilir verilen dosya numaras?? se??ilir cevap verilecek bir yaz?? ise cevab?? yaz??larak amirin onay??na g??nderilir amir imzas??yla onaylayarak gelen yaz?? g??nderilecek ki??i kurum ya da servis se??ilerek sistem arac??l??????yla g??nderilir bu ??ekilde giden evraka otomatik olarak sistem ??zerinden say?? verilir kurum d??????na g??nderilecek belgeler bir yerde toplan??r ve s??n??flara ayr??l??r belgeler gidecekleri yere g??re gruplara ayr??ld??ktan sonra g??nderimleri yap??l??r bunun yan?? s??ra kurum i??inde sistem ??zerinden de g??nderim yap??labilir evraklar??n da????t??m ve dola????m?? esnas??nda sorumlu bir yakla????m ve emanete sahip ????kma bilinciyle hi??bir evrak??n kaybolmas??na f??rsat vermeden ilgili ki??inin ??zeli olan belgeye sayg?? duyarak belge ile ilgili gerekli i??lemler yap??lmal??d??r belgenin zaman??nda ve do??ru ki??iye ula??mas??nda gereken ??zen g??sterilip bir ma??duriyete sebep olunmamal??d??r kurumlarda dosyalama ve ar??ivleme faaliyetlerinin yan?? s??ra evrak takibinin i??levsel bir ??ekilde yap??labilmesi i??in kay??t i??lemleri yap??l??r evrak dola????m??yla ilgili yeterli bilgi sahibi olmak gerekti??inde evraka ula??abilmek i??in evrak kay??t i??lemleri ??nemlidir bu ama??la kurumlarda giden evrak kay??t defterleri bulunur bu defterlerde giden belgeyle ilgili gerekli bilgiler yer al??r kuruma belge gelmesinin yan??nda gelen belgelere cevap olarak g??nderilen belgeler vard??r','2026-06-22 21:02:28'),(35,3,'Metin 5','dosyalama sisteminde ana unsur sistemin belli bir kurala uygun y??r??t??lmesidir belli bir kural?? olmayan dosyalama sistemi kar??????kl????a neden olur dosyalama sistemi se??im s??reci planlan??rken ilk olarak kurumun ya da ??irketin ihtiya??lar??n?? kar????layacak bir dosyalama sistemi se??ilmeli ve dosyalama plan?? buna g??re haz??rlanmal??d??r planlanan sistemde kay??tlar??n ve belgelerin kaybolmas?? ya da yanl???? yerlere konmas?? engellenerek hatas??z bir ??ekilde s??re?? y??r??t??lmelidir dosyalama sistemi se??im s??reci ve planlamas??nda sistem az yer kaplamal?? az malzeme kullan??lmal?? ve az ??al????anla hatas??z bir ??ekilde i??lemelidir personel taraf??ndan plan d?????? keyfi dosyalar a????larak kar??????kl????a meydan verilmesi durumunda zaman ge??tik??e evrak say??s?? artacak ve buna ba??l?? olarak dosyalama sisteminde durum i??inden ????k??lmaz bir hal alacakt??r hem saklanacak hem de at??lacak belgeler planda belirtilmelidir belgeler kuruma ba??ka kurulu??tan gelen belgeler kurumun ba??ka kurulu??a g??nderdi??i belgeler kurum i??inde dola??an belgeler olarak s??n??fland??r??l??r kuruma d????ar??dan gelen belgeler i??letme ile alakal?? ger??ek ve t??zel ki??iliklerin kuruma yaz??l?? ??ekilde veya elektronik ortamda g??nderdikleri s??zle??me fatura dilek??e resmi talimat teklifler raporlar gibi bilgi ve belgeleri i??erir kurumun d????ar??ya g??nderdi??i belgeler kurulu??lar??n kurum d??????ndan yaz??l?? veya elektronik ortamda g??nderdikleri evraka cevap niteli??inde olan ya da ba??ka kurumlara herhangi bir nedenle g??nderdikleri belgelerden olu??ur bu belgeler resmi belge dilek??e cevab?? dilek??e rapor teklif gibi bilgi ve belgeleri i??erir kurumun faaliyetleri sonucu ortaya ????kan kurum i??i belgeler kurulu??lar??n faaliyetleri sonucunda kurum i??erisinde yap??lan yaz????malar?? i??erir di??er bir ifadeyle kurum i??i belgeler de denir kurum i??i belgeler ayn?? kurum i??inde birimler aras??nda olu??an bilgi ve belgelerden olu??ur insan kaynaklar?? birimi ve muhasebe birimi aras??ndaki yaz????malar duyurular gibi bilgi ve belgeleri i??erir dosyalanacak belgeler tasnif yap??larak dosyalan??r tasnif s??ras??nda belgenin ekleri belgenin s??n??f?? dosyalanacak klas??r??n uygunlu??u kay??tlar??n yap??lmas?? gibi kontroller yap??l??r yap??lan bu kontrollerin ard??ndan belge d??zenli bir ??ekilde dosyalamaya haz??r hale getirilir kullan??lacak dosyalama sistemi sonras?? dosya i??eri??ine bak??larak dosya bu ??ekilde a????lmal??d??r bir veya birden fazla evrak i??in elektronik ortamda ya da geleneksel y??ntemle dosya a????labilir dosyada evrak aramas?? i??in ba??l??klar kullan??l??r','2026-06-22 21:02:28'),(36,3,'Metin 6','kurum ve kurulu??larda ??retilen belgelerin korunmas?? da en az belge y??netiminin di??er unsurlar?? kadar ??nemlidir belgelerin uzun zaman boyunca zarar g??rmeden korunmas??n??n yan?? s??ra kurumsal ve belgelenebilecek yap??ya uygun bir saklama plan??n??n tasarlanmas?? gerekir dosyalar ??ncelikle g??ne?? ??????nlar?? rutubet yang??n ve su bask??nlar?? gibi tehlikelerden korunmal??d??r belgelerin fiziksel ??zelli??ini bozan baz?? zararl?? etkilerin de m??mk??n oldu??unca azalt??lmas?? gerekir bunlar ka????t i??indeki asit miktar?? bakteri toz ha??ere gibi zararl?? etkenlerden kaynaklan??r ayr??ca gizli ve ??nemli belgelerin tahrip olmas??n??n ??al??nmas??n??n veya kopyalanmas??n??n ??n??ne ge??ilmesi de son derece ??nemlidir bu t??r belgeler gerekli g??r??ld?????? takdirde ayr?? ve g??venli bir yerde tutulmal??d??r belgeleri koruman??n ???? ??nemli nedeni vard??r bunlar belgeleri bilgi kayb??na neden olacak her t??rl?? tahrip edici unsura kar???? korumak belgelerin kaybolmas??n?? ??nlemek belgelerin ilk haldeki gibi asli d??zenlerinin bozulmas??n?? engellemek ??eklinde s??ralanabilir i??aret edilen bu nedenler belgelerin hem fizik- sel olarak korunmalar?? hem de belgelere eri??imin do??ru eksiksiz ve h??zl?? sa??lanmas?? ile ili??kilidir kurum ve kurulu??larda belge y??netiminin son a??amas?? ar??iv ??al????malar??d??r kurumlar??n faaliyetlerinin sonucunda ortaya ????kan ve ??e??itli kullan??m alanlar?? olan belgeler belirli bir s??re sakland??ktan sonra ar??ivlerde muhafaza edilir bu ba??lamda ar??ivler kurum ve kurulu??lar??n bilgi depolar??d??r ar??iv malzemesinin uzun s??re g??venli bir ortamda sa??lam bir ??ekilde muhafaza edilebilmesi i??in ar??ivleme ara??lar??na ihtiya?? duyulur ar??iv malzemelerinin ne t??r kaplarda saklanaca???? bunlar?? yerle??tirecek raflar dosya dolab?? imha makinesi gibi ar??ivleme ara??lar?? da en az ar??iv ara??lar?? kadar ??nem ta????r plastik veya karton malzemelerden ??retilen kutular??n i??erisine ar??ivlenecek malzemeler belirli bir d??zene g??re yerle??tirilir ar??ivlenecek malzemenin da????lmadan toplu bir ??ekilde saklanmas?? sa??lan??r ar??iv kutular??n??n i??erisine koyulan ar??iv malzemelerinin i??eri??i hakk??nda kutunun d??????na bilgiler yaz??l??r ar??iv s??resi k??sa olan ve bir s??re sonra imha edilmesi planlanan ar??iv aletlerinin istifinde ar??iv kutular?? tercih edilir bu kutular??n s??k s??k hareket etmesi zarar verece??inden kal??c?? bir ??ekilde istifine ??zen g??sterilir ar??iv malzemesi saklama kutusu ucuzdur hi??bir metal ve kimyasal madde olmadan katlama usul?? yap??l??r ar??iv malzemesi b??rak??p tekrar rahat??a ????kar??labilecek ??ekilde kapat??l??r','2026-06-22 21:02:28'),(37,3,'Metin 7','hak kavram?? hukukla ilgili temel kavramlardan biridir adalet ve hukuka uygunluk anlamlar??na gelen hak kelimesi arap??a hukuk kelimesinin tekil halidir verilmi?? bir emekten dolay?? maddi ve manevi yetkidir hak yasalar ve anla??malar??n insana tan??d?????? yetkilerin toplam??d??r ki??iler haklar??n?? kullan??p kullanmama iradesine sahiptirler bir hakk??n kullan??m?? ise medeni kanunda belirtildi??i ??zere d??r??stl??k ilkesi dahilinde olmal??d??r hak sahipleri ??zel veya t??zel ki??iler olabilir sa?? olarak do??mak ko??uluyla ana rahmine ilk d????t?????? andan itibaren insanlar hak ehliyetini kazan??rlar haklar kanunlarla d??zenlenerek koruma alt??na al??n??rlar haklar asl??nda hukuk kurallar??na dayan??r toplum i??inde ya??ayan herkesin ??stlenmesi gereken belli ba??l?? rolleri bulunur ayn?? zamanda devletler ve uluslararas?? kurulu??lar taraf??ndan g??vence alt??na al??nan haklar da bulunmaktad??r din ve vicdan h??rriyeti d??????nce h??rriyeti ??zel hayat??n gizlili??i hakk?? sahip oldu??umuz haklardand??r ki??ilerin hukuk d??zeni taraf??ndan korunan menfaatlerini ifade eden hak kavram?? hukuk kavram?? ile birle??iktir bilimsel bir disiplin sistemi olarak hukuk ki??iler aras?? ili??kileri ki??iler ile devlet veya devleti olu??turan kurumlar aras?? ili??kileri ve devlet ile devletler aras?? ili??kileri d??zenleyen kurallar b??t??n??d??r hukuk ki??ilere yetki verebilece??i gibi yapt??r??m da uygulayabilir ceza yapt??r??m?? yasaya ve kurala ayk??r?? davran??lmas?? halinde hukuk d??zenince ??ng??r??len sonu??tur yapt??r??m??n amac?? ise ki??ilerin hukuka uygun davranmas??n?? sa??lamak ve toplumsal d??zene ayk??r?? davran??????n meydana getirdi??i olumsuz sonu??lar?? ??nlemektir ??rne??in trafikte k??rm??z?? ??????kta durmas?? gereken bir arac??n yoluna devam etmesi halinde arac?? kullanan ki??iye ve ara?? sahibine trafik cezas?? yapt??r??m?? uygulanmas?? borcunu zaman??nda ??demeyen ki??inin mal??na hukuki yollarla el konularak alacakl??ya hakk??n verilmesi bir mala zarar veren ki??iye bu mal??n de??erinin ??dettirilmesi gibi hukuk sisteminin en ??nemli ??zelli??i yasalar??n a????k anla????l??r ve kesin olmas??d??r yaz??n??n icat edilmesinden sonra b??t??n yasalar yaz??l?? hale getirilmi??tir yasal kurallar sistemli ??ekilde toplanm???? a????kl??k ve kesinlik kazanarak kolayca ba??vurulacak kaynak haline getirilmi??tir hukuk geli??irken birtak??m esaslar ??zerinde durulur b??t??n hukuk kurallar??n??n amac?? kendine yap??lmas??n?? istemedi??in bir ??eyi ba??kas??na da yapmamak ??zerine kuruludur zaten insanlar huzur ve g??ven i??inde ya??amak i??in hukuka ihtiya?? duymu??lard??r ve hukuk herkes i??in vard??r','2026-06-22 21:02:28'),(38,3,'Metin 8','ay??rt etme g??c??ne sahip ve ergin olup k??s??tl?? olmayan ki??iler tam ehliyetliler grubuna girer tam ehliyetliler hi??bir izne gerek olmaks??z??n kendi iradeleriyle hukuki i??lemleri ger??ekle??tirebilirler bor?? alt??na girebilirler yapt??klar?? hukuka ayk??r?? hareketlerden de sorumlu olacaklard??r kendi haklar??n?? korumak i??in dava a??abilirler ay??rt etme g??c??ne sahip olmayan herkes tam ehliyetsizdir ay??rt etme g??c??ne sahip olmayan ki??inin k??s??tl?? olup olmad??????na veya ergin olup olmad??????na bak??lmaks??z??n tam ehliyetsiz oldu??u s??ylenebilir do??ruyla yanl?????? ay??rt edebilecek zeka seviyesine sahip olmayan ki??ilere ???? ya????ndaki ??ocuk veya elli ya????ndaki ak??l hastas?? ??rnek olarak verilebilir tam ehliyetsizler fiil ehliyetine sahip de??illerdir tam ehliyetsiz ki??iler ay??rt etme g??c??ne sahip olmad??klar??ndan dolay?? evlenemezler ayr??ca tam ehliyetsizler hukuki i??lem yapamazlar bu yapt??klar?? hukuki i??lem ge??ersiz say??l??r bu ki??ilerin hukuki i??lemlerini anne babas?? veya ay??rt etme g??c?? olmayanlara hukuki i??lemlerde onlar?? temsil etmek ve menfaatlerini korumak i??in mahkeme taraf??ndan atanan yasal temsilciler y??r??t??r ancak mahkemece atanan vasiler tam ehliyetsiz ki??iler ad??na baz?? hukuki i??lemleri yapamazlar bu i??lemlere ??rnek vermek gerekirse kefil olmak vak??f kurmak ve ba?????? yapmakt??r tam ehliyetsiz say??lan ak??l hastalar?? ba??kalar??n??n mal??na verdi??i zarardan sorumlu olmazlar yapt??klar??ndan dolay?? bu ki??ilere ceza verilemez ancak ak??l hastalar??n??n kusursuz sorumlulu??u s??z konusu olabilir yani ba??kalar??n??n mal??na zarar veren ak??l hastas??n??n ekonomik durumunun iyi olmas?? halinde mahkeme taraf??ndan sebep oldu??u zararlar?? ??demesine h??kmedilebilir ancak ceza verilemez normalde tam ehliyetliler bazen d???? etkenlerle tam ehliyetsiz hale gelebilir buna sarho??luk ??rnek verilebilir ki??i sarho??ken ay??rt etme g??c??ne sahip olmayaca????ndan dolay?? tam ehliyetsizdir iradeleriyle sarho?? olan ki??iler ay??rt etme g??c??ne sahip olmasalar bile yapt??klar?? hukuka ayk??r?? eylemlerden dolay?? sorumludurlar ??rne??in ki??i kendi iradesiyle sarho?? olup ba??kas??n??n arabas??na zarar vermesi halinde hem ceza almak hem de verdi??i zarar??n kar????l??????n?? ??demek zorunda kal??r ki??i kendi iradesi d??????nda sarho?? oldu??unu ispatlarsa ceza yapt??r??m?? uygulanmaz s??n??rl?? ehliyetli tam ehliyetli ??artlar??n?? ta????d?????? halde ehliyeti s??n??rlanan kimsedir ay??rt etme g??c??ne sahip ve ergin olup k??s??tl?? olmayan ki??iler yani tam ehliyetli ??artlar??n?? ta????y??p da kendilerine yasal dan????man atanan ki??ilerdir','2026-06-22 21:02:28'),(39,3,'Metin 9','s??zle??me hukuki sonu?? do??urmak amac??yla iki ya da daha ??ok ki??inin kurulu??un kar????l??kl?? ve birbirine uygun irade beyan??yla ger??ekle??en i??lemdir bir s??zle??me yapma niyetinde olan ki??inin baz?? hususlar?? g??z ??n??ne almas?? gerekir s??zle??me haz??rlan??rken dikkat edilmesi gereken en ??nemli husus s??zle??menin taraflar??n isteklerini tam olarak yans??tmas?? ve m??mk??n oldu??u ??l????de ileride taraflar aras??nda uyu??mazl????a yer vermeyecek bi??imde kaleme al??nmas??d??r ayr??ca s??zle??me uyu??mazl??k ????kt?????? durumda da taraflar aras??ndaki uyu??mazl?????? gidermeye ve en aza indirmeye y??nelik h??k??mleri kapsamal??d??r bir s??zle??menin yap??lmas?? i??in ??ncelikle o s??zle??meyi yapmak isteyen ki??ilerin kar????l??kl?? olarak s??zle??me yapma iradesini ortaya koymalar?? gerekir taraflar bu iradeyi fiilen bir araya gelerek ortaya koyabilecekleri gibi farkl?? yollarla da ifade edebilirler ??rne??in iki farkl?? ??ehirde bulunan taraflar noter arac??l?????? ile s??zle??me yapabilirler taraflar??n kar????l??kl?? istek ve iradelerini beyan ettikleri bu a??amada dikkat edilmesi gereken husus taraflar??n bireysel olarak s??zle??me yapmakla ne istediklerini ve hangi ama??la o s??zle??meyi yapt??klar??n?? bilmeleridir bundan ba??ka taraflar??n s??zle??meye ili??kin istek ve ama??lar??n??n birbiriyle uyumlu olmas?? yani iradelerin ayn?? amaca y??nelik olmas?? gerekir taraflar??n s??zle??menin ilgili olan hukuk dal??n?? saptamak ve e??er mevcutsa s??zle??meyi do??rudan veya dolayl?? olarak etkileyen hukuki mevzuatlar?? yarg?? kararlar??n?? bulma ve genel olarak s??zle??menin hukuki s??n??r??n?? belirlemeleri gerekir taraflar s??zle??meyi bir b??t??n olarak ele al??p incelemeli ve bir taslak haz??rlamal??d??r s??zle??me ??zg??rl?????? ki??ilerin diledikleri s??zle??meyi ge??erli yapma hususunda sahip olduklar?? ??zg??rl??k olarak tan??mlan??r mevzuatta s??zle??me ??zg??rl?????? ilkesinin bir gere??i olarak ??ekil serbestisi ilkesi ge??erlidir bor??lar kanununun ilgili h??km??nde akdin s??hhati kanunda a????k bir husus olmad??k??a hi??bir ??ekle tabi de??ildir ??eklinde yer alarak bu ilke a????k??a belirtilmi??tir yarg??lama usul??ne ili??kin kanuna g??re bir hakk??n do??mas?? d????mesi devri de??i??imi ikrar?? edimi ve itfas?? amac??yla yap??lan hukuki i??lemlerin yap??ld??klar?? zamanki miktar ya da de??eri belirli bir miktar?? ge??ti??i takdirde senetle ispat olunmas?? gerekir bu sebeple s??zle??me taraflar??n??n aralar??nda herhangi bir hukuki uyu??mazl??k ????kmas?? halinde ispat kolayl?????? sa??lamak ve taraflar??n hak kayb??na u??ramas??n?? engellemek i??in s??zle??melerin yaz??l?? bir ??ekilde yap??lmas?? daha uygun olur','2026-06-22 21:02:28'),(40,3,'Metin 10','k??ymetli evrak g??n??m??zde ba??ta kredi kartlar?? ve banka kartlar?? ile elektronik para ve ??deme ara??lar??n??n yayg??n olarak kullan??lmas??na ra??men teminat ve kredi i??levinin olmas?? sebebiyle ticari hayatta yayg??n olarak kullan??lmaya devam etmektedir t??rk ticaret kanunu b??l??mlerinden birini de k??ymetli evrak hukuku olu??turmaktad??r t??rk ticaret kanunu haricinde di??er hukuk kaynaklar??nda da k??ymetli evraka ili??kin h??k??mler yer almaktad??r k??ymetli evrak t??rk ticaret kanununun ilgili maddesinde k??ymetli evrak ??yle senetlerdir ki bunlar??n i??erdikleri hak senetten ayr?? olarak ileri s??r??lemedi??i gibi ba??kalar??na da devredilemez ??eklinde tan??mlanm????t??r buradan anla????ld?????? gibi k??ymetli evrak??n hak senet ve hak ile senet aras??ndaki ba??lant?? olmak ??zere ???? temel unsuru bulunmaktad??r k??ymetli evrak senettir ancak her senet k??ymetli evrak de??ildir senet ki??inin kendisi aleyhine d??zenledi??i irade a????klamas?? i??eren yaz??l?? belgedir yaz??l?? olmas?? elle yaz??lmas?? anlam??na gelmemektedir elektronik imza kanununun ilgili maddesi uyar??nca g??venli elektronik imza elle at??lan imzayla ayn?? hukuki sonu??lar?? do??urur ancak bu durumun da istisnalar?? bulunmaktad??r k??ymetli evrak t??rleri aras??nda yer alan kambiyo senetleri kanun h??k??mleri uyar??nca elektronik imzayla d??zenlenemez ??slak imzal?? olarak t??kenmez veya dolma kalemle imzalanmal??d??r k??ymetli evraklar ??zel hukuka ili??kin ekonomik de??eri olan ve devredilebilen ??zelliklerde haklar i??erir bu ??zellikleri i??ermeyen senetler k??ymetli evrak vasf??n?? yitirmi?? olur k??ymetli evrak senetten ayr?? ileri s??r??lemez ve senetten ayr?? ba??kas??na devredilemez k??ymetli evrak bor??lusu ancak senedin teslimi kar????l??????nda borcunu ??deme ile y??k??ml??d??r k??ymetli evraktaki hakk?? talep eden senedi ibraz etti??inde bor??lu da borcunu k??ymetli evrak?? ibraz eden me??ru hamile ifa etmek zorundad??r k??ymetli evrakta en temel ??zellik tedav??l fonksiyonudur k??ymetli evrak temsil etti??i hakk??n el de??i??tirmesi ve devredilmesi i??in d??zenlenir gerek tedav??l fonksiyonu gerek kanundaki d??zenleni?? tarz?? dikkate al??nd??????nda k??ymetli evrak??n devir ??ekli a????s??ndan s??n??fland??r??lmas?? b??y??k ??nem ta????r k??ymetli evrak devir a????s??ndan nama emre ve hamile olmak ??zere ???? ??ekilde d??zenlenebilir bunun d??????nda k??ymetli evrak??n devir a????s??ndan d??zenlenmesi m??mk??n de??ildir ??rne??in kambiyo senetlerinden olan poli??e yaz??l?? k??ymetli evrak ??e??itlerindendir nama yaz??l?? k??ymetli evrakta hak sahibinin ismi yer ald??????ndan dolay?? de??i??tirme kabiliyeti ??ok azd??r','2026-06-22 21:02:28'),(41,3,'Metin 11','bilgi ak??????n?? sa??layan yaz??l?? sesli veya g??rsel ara??lara kitle ileti??im ara??lar?? denir bu ak???? bireyden ??o??ula veya ??o??uldan bireye do??rudur kitle ileti??im ara??lar??n??n belirleyici ??zelli??i bir mesaj?? ayn?? anda ??ok say??da ki??iye ula??t??rmas??d??r ??lkemizde s??kl??kla kullan??lan kitle ileti??im ara??lar??n??n ba????nda televizyon gelir televizyonun hemen hemen herkesin evinde bulunmas?? ??cretsiz olmas?? ve her kitleye hitap etmesi bunun ana nedenleri aras??ndad??r her- hangi bir toplumsal sorunun ????z??m??nde toplumun geneline ula??mak onlar?? mevcut sorun hakk??nda y??z y??ze bilgilendirmek olduk??a zordur ancak kitle ileti??im ara??lar??n?? kullanarak ??ok say??da insana ula??mak onlar?? bilgilendirmek ve onlar??n g??r????lerini almak daha kolayd??r kitle ileti??im ara??lar?? bu kolayl??????n??n yan?? s??ra kitleyi olumsuz etkileme ve y??nlendirme gibi ??zelliklere de sahiptir kitle ileti??im ara??lar?? yap??sal ??zellikleri nedeniyle farkl?? kitleler taraf??ndan tercih edilmektedir ??rne??in gazete tek ba????na ve t??keticinin genel veya ??zel d??????nceleri duygular?? ve davran????lar??nda ??l???? olarak de??erlendirdi??i gruplara dan??????lmadan h??zl?? okunan kitle ileti??im arac??d??r gazete g??nl??k haberleri geli??meleri ????renmek i??in al??n??r gazetenin bir kere okunmas?? yeterlidir ancak anla????lmayan konular olunca tekrar okuma ??ans?? vard??r dergi evlerde i?? yerlerinde bir haftadan daha uzun s??re durabilir dergi birka?? kere okunabilir ????nk?? dergide yaz??lanlar defalarca okunabilir ve referans gruplar??yla tart??????labilir dergiler ??zellikle belli konularda ayr??nt??l?? ara??t??rmalar?? i??erdi??i i??in ba??vuru arac?? olarak kullan??labilir radyo ise gazete ve dergiden ??ok daha farkl?? bir kitle ileti??im arac??d??r radyoda sade a????k ve tekrarlanan bir metin ses yoluyla kitleye ula??t??r??l??r metnin i??eri??i ve ses tonlamas?? gibi ??zellikler kitle ??zerinde etkili rol oynar ama sesli iletilerin h??zl?? unutulma riskleri vard??r televizyonda hareketli g??r??nt?? ve ses vard??r ancak televizyon g??r??nt??s?? yan??lsamad??r ger??ekte g??r??nt?? yoktur k??????k noktalar??n yo??unluklar??yla olu??an resim insan zihninde ??nceden tan??mlanan bilgilerle ??ak????t??r??l??r ve bu bilgiler alg??lan??p anlam kazan??r yar??m g??r??nt??lerin di??er yar??s??n?? zihin tamamlar zihin mekanik olarak ??al??????r ancak gazete okurken oldu??u gibi kod ????zmeyle u??ra??maz eskiden izleyicinin an??nda ????z??mleme yapmas?? gerekirdi fakat yeni teknoloji ile art??k televizyon yay??nlar?? internet ??zerinden izlenip kay??t ediliyor ve elektronik posta gibi yollarla geri bildirim imkan?? sa??lan??yor','2026-06-22 21:02:28'),(42,3,'Metin 12','kamu g??c??ne ve otoritesine sahip olan ??e??itli devlet kurumlar?? ve kurulu??lar??n bu otoriteye tabi ki??ilerle veya birbirleriyle olan ili??kilerini d??zenleyen hukuk kurallar??na kamu hukuku denir insanlar??n ve insanlar??n olu??turdu??u topluluklar??n e??it ??arta ve yetkilere tabi ??zg??r kimseler olarak kendi aralar??ndaki ili??kileri d??zenleyen hukuk kurallar?? ise ??zel hukuk olarak tan??mlanmaktad??r kamu hukukunun en temel niteli??i bu hukuk alan??na giren ili??kilerde taraflar??n e??it olmamas?? kamu yarar??n??n temsilcisi konumundaki devletin ve di??er kamu t??zel ki??ilerinin ??st??n konumda bulunmas??d??r bu konumlar?? onlara tek tarafl?? olarak ili??kinin kapsam??n?? ve i??eri??ini belirleme imkan?? vermektedir ??zel hukuku karma hukuk ve kamu hukukundan ayr????t??ran en ??nemli ??zellik bu alandaki hukuk ili??kilerinin e??itlik ve irade serbestisi ilkesine dayanmas??d??r hukukta as??l olan bireylerin ??zg??rl??klerinin ve haklar??n??n g??vence alt??na al??nmas??d??r kamu hukuku ??zel hukukun hizmetinde ve onun ??zerinde koruyucu olmal??d??r tarihsel a????dan bak??ld??????nda anayasa hukuku idare hukuku ve ceza hukukunun da birey hak ve ??zg??rl??klerini korumak ??zere geli??tirildikleri g??r??lmektedir anayasal metinler y??neticilerin siviller ??zerindeki bask??lar??n?? s??n??rland??rma bunu en aza indirme m??cadelelerinin sonucudur asl??nda kamu hukukunun da karma hukukun ve ??zel hukukun da as??l gayesi birey hak ve ??zg??rl??klerini korumakt??r g??n??m??zde ??zel hukuk ve kamu hukuku bundan dolay?? gittik??e birbirine daha ??ok yakla??maktad??r fakat bu a????dan bak??lsa da gerek kamu hukukunun gerekse karma hukukun ve bunlar??n alt dallar??n??n ??zel hukuktan ayr??lm???? ba??l?? ba????na birer hukuk dal?? oldu??u g??r??lmektedir ki??ilerin birbirleriyle olan ili??kilerini e??itlik ve irade serbestisi ilkesi do??rultusunda d??zenleyen ??zel hukuk kurallar?? konular?? ve ??zellikleri itibar??yla birbirinden olduk??a farkl??d??r y??llar i??erisinde toplumsal hayatta ileti??imde teknolojide meydana gelen de??i??imler bir??ok yeni hukuki problemleri de beraberinde getirmi??tir bu karma????k hukuk ili??kilerini sadece ??zel hukuk olarak tan??mlamak yetersiz kalmaya ba??lam????t??r ??zel hukuk bir ??st kavram olarak kalmas?? ??art??yla kendi i??inde ??e??itli dallara ayr??lm????t??r ??rne??in daha ??ncesinde medeni hukukun par??as?? olan bor??lar hukuku ??imdilerde ba??l?? ba????na hukukun dal?? haline gelmi??tir ??nceden ??zel hukuk i??inde say??lan fikir hukuku art??k karma hukuk i??inde say??lmaktad??r ??zel hukukun alt dallar?? farkl?? kaynaklarda farkl?? ??ekilde say??labilmektedir','2026-06-22 21:02:28'),(43,3,'Metin 13','kamu hukuku devletin ger??ek veya t??zel ki??ilerle ya da ba??ka devletlerle olan hukuki ili??kilerini d??zenleyen hukuk dal??d??r ancak taraflardan birinin devlet olmas?? her hukuki uyu??mazl??????n kamu hukukunun alan??na girece??i anlam??n?? do??urmaz taraflardan birinin devlet di??erinin ??zel ki??iler oldu??u baz?? hukuki ili??kiler ??zel hukuk veya karma hukuk ??er??evesinde de??erlendirilmektedir burada dikkat edilmesi gereken konu devletin hangi s??fatla kat??lmakta oldu??udur devlet bu ili??kiye ??st??n otoritenin yani kamu iktidar??n??n sahibi olarak kat??l??yor ve bu sebeple ili??kinin taraflar?? aras??nda e??itlik de??il altl??k ??stl??k durumu g??r??l??yorsa bu ili??kiyi d??zenleyen hukuk kurallar?? kamu hukuku kurallar??d??r genel hukukta oldu??u gibi kamu hukuku da yaz??l?? ve yaz??s??z ba??lay??c?? yard??mc?? kaynaklara dayanmaktad??r k??ta avrupas?? hukuk sisteminde as??l olan hukuk kurallar??n??n yaz??l?? olmas??d??r bu sistemi benimsemi?? olan ??lkemizde hukuk kurallar??n??n b??y??k ??o??unlu??u yaz??l?? hukuk kurallar?? ??eklindedir herhangi bir yetkili makam veya kurul taraf??ndan konulmu?? s??rekli genel ve soyut h??k??mlerdir anayasa uluslararas?? anla??malar kanunlar kararnameler y??netmelikler bu gruba girer ayr??ca bir kanun koyucu taraf??ndan ????kar??lmam???? ise de i??tihad?? birle??tirme kararlar?? da bu gruba girmektedir yaz??l?? kaynaklarda bir hiyerar??i vard??r bu hiyerar??iye normlar hiyerar??isi ad?? verilmektedir ??ok eski zamanlardan beri s??rekli tekrar eden herhangi bir makam taraf??ndan konulmayan kendili??inden olu??an toplum vicdan??nda yer eden kurallard??r bu kurallara uyman??n zorunlu oldu??u y??n??nde toplumda genel bir kanaat olu??mu??tur hukuk d??zeni taraf??ndan tan??nan ve desteklenen bu t??rden kurallara da yaz??s??z kaynaklar denilmektedir ??rf ve adetler bu gruba girmektedir mahkemelerin karar verirken uymak zorunda olmad?????? ancak o uyu??mazl??k ????z??m??nde ??nemli rol oynayacak kaynaklard??r uyu??mazl??k ????z??m?? i??in yaz??l?? kaynaklar yeterli ise yard??mc?? kaynaklara ba??vurulmaz t??rk hukuk sistemine g??re hakim ??n??ne gelen davay?? ????zmekle y??k??ml??d??r ancak h??zla de??i??en d??nyada kanunlar geli??melerin gerisinde kalabilmektedir bu nedenle yeni ortaya ????kacak problemleri d??zenleyen kanuni d??zenlemeler yap??lamam???? olabilmektedir bu gibi durumlarda hakim yine de bir karar vermek zorundad??r dava s??recinde ??nce yaz??l?? hukuk kural?? uygulan??r yaz??l?? hukuk kural??n??n olmamas?? halinde hakime hukuk yaratma yetkisi tan??nm????t??r hem yaz??l?? kanunlarda hem ??rf ve adet hukukunda bulunmayan konu hakimin takdirindedir','2026-06-22 21:02:28'),(44,3,'Metin 14','hukukta ??nemli olgulardan biri hak sahibi olmak olup bunu ispat ederek ortaya ????karabilmek ayn?? derecede ??nemlidir ger??ekte hak sahibi olan bir??ok ki??inin ispat kurallar??na dikkat etmemesinden kaynakl?? hakk??n?? ispat edemedi??i bunun sonucunda ma??dur oldu??u ??ok fazla ??rnek bulunmaktad??r dolas??yla hak kazan??l??rken ve kullan??l??rken ileride durumun nas??l ispat edilece??i d??????n??lmelidir bir hukuki uyu??mazl??kta taraflar her t??rl?? delille hakk??n?? ispat edebilir medeni kanun bu ispat ara??lar??ndan resmi belgelere ??zel bir ??nem y??klemi??tir medeni kanunun ilgili maddesinde kanunda aksine bir h??k??m bulunmad??k??a taraflardan her biri hakk??n?? dayand??rd??klar?? olgular??n varl??????n?? ispatla y??k??ml??d??r ifadesi ile iddia edenin ispat etmekle y??k??ml?? oldu??u belirtilmi??tir bir ki??i birisinden alaca???? oldu??unu iddia ediyorsa bu durumu ki??inin ispat etmesi gerekmektedir bor??lunun bor??lu olmad??????n?? ispat etmesi gerekmez hukuken hakl?? oldu??unu savunan ve tart????ma ba??latan taraf hakk??n??n dayand?????? olaylar?? olgular?? ispat etmek zorundad??r buna kar????n di??er taraf da kar???? ispat hakk??n?? kullanmakta serbesttir burada ??nemli olan tart????may?? ba??latan??n yani hakl?? oldu??unu iddia edenin ispatla y??k??ml?? olmas??d??r ??rne??in evlilik birli??inin temelinden sars??lmas?? iddias??yla dava a??an yani hukuken tart????may?? ba??latan davac?? e?? bu evlili??in ne ??ekilde sars??ld??????n?? ispat etmek zorundad??r di??er e??in evlili??in sars??lmad??????n?? ispat etme y??k??ml??l?????? bulunmamaktad??r ancak taraflar kendi iddialar??n?? ispat etme hakk??na sahiptir toplum ya??am??n??n daha rahat ve g??venli hale gelmesi hukuk kurallar??yla olduk??a ilgilidir bunun i??in kanunlar baz?? kurallara istisnalar getirerek insanlar??n hukuki ili??kilerini kolayla??t??rmak ister ispat y??k??yle ilgili kural iddia edenin ispat etmesi oldu??u halde baz?? durumlarda kanun ola??an genel do??rular?? ??nc??l olarak hukuken do??ru olarak varsaymaktad??r hukuken do??rulu??u kabul edilen bu t??rden varsay??mlara karine denir ??rne??in medeni kanuna g??re ya????n??n k??????kl?????? nedeniyle ak??l hastal?????? ak??l zay??fl?????? sarho??luk ya da bunlara benzer sebeplerden biriyle akla uygun bi??imde davranma yetene??inden yoksun olmayan herkes kanuna g??re ay??rt etme g??c??ne sahiptir buna g??re medeni kanunda s??ralanan durumlar??n d??????nda kalan herkesin ay??rt etme g??c??ne sahip oldu??u karinesi benimsenmi??tir dolay??s??yla birinin ay??rt etme g??c??n??n olmad??????n?? d??????nen ki??i bunu ispat etmelidir resmi sicil veya senetler belgeledikleri olgular??n do??rulu??una kan??t olu??turur','2026-06-22 21:02:28'),(45,3,'Metin 15','d??nya ??zerinde ger??ekle??en b??t??n olumlu geli??meler yaln??zca insan??n varl??????n??n devam etmesine y??nelik etkilere sahiptir g??n??m??zde meydana gelen geli??melerin yeniliklerin en ??nemli etkisi bu unsurlar??n insan??n ki??ili??ini geli??tirmeye hizmet etmesi ve ki??ili??ini korumas??d??r hukukta ki??i hak ve bor??lara sahip olabilen varl??kt??r ki??ilik kavram?? ise dar anlamda ve geni?? anlamda olmak ??zere iki farkl?? ??ekilde tan??mlanmaktad??r dar anlamda ki??ilik ile ki??i kavram?? e?? anlaml??d??r geni?? anlamda ki??ilik hak ehliyetini fiil ehliyetini ki??ilik haklar??n?? ve ki??isel hal sicillerini kapsamaktad??r ki??isel haller ki??inin kendine ??zg?? bulunan onu di??er insanlardan ay??ran nitelikleridir ??rne??in ki??inin erginli??i medeni durumu cinsiyeti gibi unsurlar ki??isel haller aras??nda bulunan ve hukuk d??zeni taraf??ndan dikkate al??nan niteliklerdir ki??inin insan onuruna yara????r bir hayat s??rd??rebilmesinin olmazsa olmaz ??art?? onun maddi manevi ve ekonomik b??t??nl?????? ile kendi varl??klar?? ??zerinde sahip oldu??u mutlak hakt??r ki??ilik hakk?? parayla ??l????lemeyen vazge??ilemeyen ba??kas??na devredilmeyen ve miras????lara ge??meyen bir hakt??r ??rne??in bir ki??inin ??eref ve haysiyeti ??zg??rl?????? aile i??i s??rlar?? fikri faaliyetleri ad?? ????hreti gibi unsurlar ki??ilik hakk?? kapsam??nda olup ba??kalar??na devredilemez niteliktedir ki??ilik haklar??n??n vazge??ilemez ve devredilemez haklar oldu??u medeni kanunun ilgili maddesinde kimse hak ve fiil ehliyetlerinden k??smen de olsa vazge??emez kimse ??zg??rl??klerinden vazge??emez veya onlar?? hukuka ya da ahlaka ayk??r?? olarak s??n??rlayamaz ifadesi ile kesin olarak belirtilmi??tir bahsi ge??en maddede ki??ilik haklar??n??n devredilemez nitelikte oldu??u vurgulanm???? ise de hangi unsurlar??n ki??ilik hakk?? i??erisinde yer ald?????? a????k bir ??ekilde belirtilmemi??tir bu unsurlar??n belirtilmemesinin sebebi insan varl??????n?? olu??turan ve insan??n s??rf insan oldu??u i??in sahip oldu??u de??erleri bir b??t??n olarak belirtmenin zor olmas??d??r bir di??er sebep ise s??n??rs??z say??da olan ki??ilik haklar??n??n kanun ile s??n??rland??r??lmas??n??n ki??ilik haklar??na do??rudan zarar verecek bir durum olmas??d??r hukukta ki??ilik haklar?? konusunda s??n??rl?? say?? ilkesi ge??erli de??ildir medeni kanunda say??lmam???? ise de hukuk bilimciler ki??ilik haklar??n?? maddi haklar manevi haklar mesleki haklar ekonomik haklar gibi farkl?? kategorilerde incelemektedir maddi haklar ki??inin v??cut b??t??nl??????ne y??nelik haklar?? iken manevi haklar ki??inin onuru ve sayg??nl??????na y??nelik haklar?? aras??nda yer almaktad??r','2026-06-22 21:02:28'),(46,3,'Metin 16','modern hukuk sistemlerinin ??o??unda oldu??u ??zere hukuk sistemimizde hak sahibi ki??iler sadece fiziki varl?????? bulunan bireyler de??ildir fiziki varl?????? olmayan ancak hak sahipli??i kazanm???? topluluklar veya kurumlar bulunur hukuk d??zeni taraf??ndan kendilerine ki??ilik verilmi?? ve tek say??lan olu??umlara t??zel ki??i denir ba??ka deyi??le belli amac?? ger??ekle??tirmek ??zere ba????ms??z bir varl??k halinde te??kilatlanm???? haklara bor??lara sahip olma yetene??i hukuk d??zenince tan??nm???? mal topluluklar??d??r t??zel ki??ilerin ortak amaca sahip ki??iler veya mal topluluklar etraf??nda birle??en ki??ilerden mal?? tahsis eden ki??ilerden ba????ms??z ki??ili??i vard??r ancak t??zel ki??ili??in hukuken ki??i olarak kabul edilebilmesi i??in ???? unsurun bir arada olmas?? gerekir t??zel ki??ili??in ba????ms??z ki??i olarak var olmas??n??n ilk unsuru ??rg??tlenmedir ??rg??tlenmeden kas??t kurulmas?? d??????n??len t??zel ki??ilik i??in kanunen zorunlu olan organlar??n olu??umuyla ger??ekle??en bir unsurdur s??rekli olarak ??rg??tlenmemi?? ??ah??s veya mal topluluklar??na hukuk d??zenince t??zel ki??ilik tan??nmaz t??zel ki??ilik olu??umunun tamamlanmas?? i??in gerekli olan di??er unsur kurulu?? belgesinde yer alan s??rekli ama??t??r belirlenen amac?? ger??ekle??tirmek ??zere toplanan ki??iler veya mal topluluklar??nda bireylerin ki??isel ????karlar??n??n ??zerinde olan genel ve ortak ????kar??n olmas?? gerekir t??zel ki??ilerde olu??an ????kar manevi parasal veya bilimsel ????kar olabilir burada ??nemli olan t??zel ki??ili??in ortak ????kar??n??n s??rekli olmas??d??r bu sebeple ge??ici amaca y??nelik toplanan ki??i veya mal topluluklar??na t??zel ki??ilik denilmez t??zel ki??ili??in olu??umunda gerekli unsur t??zel ki??ili??in hukuk d??zenince tan??nmas??d??r hukuk d??zeni taraf??ndan ki??i veya mal toplulu??una t??zel ki??ilik verildi??inde ki??i veya mal toplulu??u ba????ms??z varl??k haline gelir t??zel ki??ilik biyolojik ki??ilikten farkl??d??r biyolojik ki??ili??in ba??lang??c?? sa?? olarak do??um an??d??r ancak t??zel ki??ili??in ger??ekle??ti??i zamana do??um gibi bir ??zelli??i y??klenemez bu y??zden t??zel ki??ili??in ki??ilik kazanma an?? devlet taraf??ndan belirlenir ??lkemizde t??zel ki??ili??in ki??ilik kazanma an??n?? belirlemek amac??yla serbest kurulu?? sistemi izin sistemi tescil sistemi olmak ??zere ???? farkl?? sistem kabul edilmi??tir izin sistemine g??re ki??i veya mal topluluklar??n??n t??zel ki??ilik kazanmalar?? devletin iznine ba??l??d??r ??rne??in t??rk ticaret kanununa g??re anonim ??irketlerin kurulmas?? i??in ticaret bakanl??????ndan izin al??nmal??d??r kurulma an??n?? d??zenleyen ikinci sistem tescil sistemidir','2026-06-22 21:02:28'),(47,3,'Metin 17','normatif sistem olarak da ge??en tescil sistemine g??re t??zel ki??ili??in ki??ilik kazanma an?? t??zel ki??inin kurulmas?? i??in gerekli olan ko??ulun yetkili makam taraf??ndan incelenme sonras??d??r yetkili makam taraf??ndan yap??lan inceleme sonucunda kurulu?? ??artlar??n??n yerine getirildi??inin tespit edilmesi halinde t??zel ki??ili??e izin ????kar ??rne??in t??rk hukukuna g??re vak??flar tescil sistemi ile kurulur t??zel ki??ili??i kurmak isteyen ki??ilerin herhangi yetkili bir makamdan izin almas??na gerek olmayan sistem ise serbest kurulu?? sistemi olarak an??l??r bu sistemde t??zel ki??ili??in kazan??lmas?? i??in gerekli olan ko??ullar mevzuat taraf??ndan daha ??nceden belirlenmi??tir mevzuat taraf??ndan belirlenmi?? olan ko??ullar??n yerine getirilip getirilmedi??i herhangi bir makam kontrol??nden ge??mez bu sebeple serbest kurulu?? sisteminde mevzuat taraf??ndan belirlenmi?? ko??ullar yerine getirildi??i anda t??zel ki??ilik kazan??lm???? olur ??rne??in siyasi partiler sendikalar ve dernekler serbest kurulu?? esas??na dayan??r t??zel ki??ili??in kazan??lma an?? kadar t??zel ki??ili??in sona erme an?? da ??nemlidir ????nk?? t??zel ki??ili??in fiil ehliyetinin veya hak ehliyetinin sona ermesi ancak t??zel ki??ili??in son bulmas??yla m??mk??nd??r t??zel ki??ili??in sonlanmas?? t??zel ki??ili??in sona erme nedenlerine g??re belirlenir medeni kanunun di??er kanunlar??n ilgili h??k??mlerine g??re t??zel ki??ili??in sonlanmas?? ???? ??ekilde olmaktad??r bunlar kendili??inden sona erme bir iradeyle sona erme mahkeme karar??yla sona ermedir t??zel ki??ili??in kanun veya kurulu?? i??leminde mevcut belirli nedenlerin ger??ekle??mesi sonucu ba??ka i??lem veya karara gerek olmadan kanun gere??i sona ermesi durumunda t??zel ki??ilik kendili??inden sona ermi?? kabul edilir infisah veya da????lma olarak ifade edilen durum genellikle t??zel ki??ili??in amac??n?? ger??ekle??tirmesi veya t??zel ki??ili??in amac??n?? ger??ekle??tirmesinin imkans??z hale gelmesi durumunda ger??ekle??ir ??rne??in belirli s??re i??in kurulmu?? t??zel ki??iler s??renin dolmas??yla kendili??inden sona erer t??zel ki??ili??in sona erme sebeplerinden di??eriyse fesihtir t??zel ki??ili??in iradeyle sona ermesi durumuna ??rnek olan sona erme sebebinde t??zel ki??ilik yetkili organ veya mahkeme karar?? ile sona erebilir yetkili organlardan kas??t ilgili t??zel ki??ilerin bu konuda karar almaya yetkili organ??d??r t??zel ki??ili??i sona erdiren sebeplerden sonuncusu ise mahkeme taraf??ndan verilen karard??r kanunda say??lan belirli bir nedenin ortaya ????kmas??yla t??zel ki??ilik mahkeme karar??na dayan??larak sona erdirilebilir','2026-06-22 21:02:28'),(48,3,'Metin 18','m??ba??ir mahkeme salonunda duru??maya girecek olan ki??ileri ve tan??klar?? ??a????ran hakimin isteklerini yerine getiren ve belgeleri iletmekle g??revli olan kimselerdir m??ba??irler meslek olarak genel idare hizmetleri s??n??f??nda yer al??r ayn?? zamanda mahkeme dosya d??zeninden duru??ma g??n?? i??lemi olan dosyalar?? s??ralamak ve dosyaya gelecek olan evrak?? takipten sorumludur m??ba??irler sadece adliyede g??rev yaparlar adalet bakanl??????na ba??l?? cezaevleri ve benzeri di??er kurum ya da kurulu??larda ??al????amazlar ??te yandan duru??man??n gere??i gibi i??lemesi dosyalar??n eksiksiz kaydedilmesi ve hakime eksiksiz dosya verilmesi gibi g??revleri y??r??ten m??ba??irlerin ??ok dikkatli ve bilin??li hareket etmeleri gerekir duru??ma s??ras??nda gelen taraflar?? ve tan??k olacak ki??ileri ??a????rmak duru??ma salonuna giri??lerini sa??lamak salonda duracaklar?? yeri g??stermek ve bunlara riayet etmelerini sa??lamak m??ba??irin esas g??revidir duru??ma taraf ya da tan??k olan ki??ilerden belge toplayarak hakime vermek ve duru??ma yap??lan salonda hakimden ald?????? direktiflere uygun olarak disiplini sa??lamak m??ba??irin g??revleri aras??nda yer al??r duru??ma devam ederken s??z s??yleyecek olan ki??inin s??z??n?? ayakta s??ylemesini m??ba??ir sa??lar bunun yan?? s??ra salonda bulunanlar?? da aya??a kalkmalar?? konusunda uyar??r m??ba??ir yemin verildi??i ve karar??n a????kland?????? esnada duru??ma salonunda bulunanlar?? uymas?? gereken kurallar hakk??nda uyar??r duru??man??n kapal?? yap??lma karar?? al??nmas?? halinde salonu bo??altmak ve duru??man??n kapal?? yap??ld??????na dair bilgi levhas??n?? kap??ya asmakla da sorumludur duru??ma tarihi ileri bir zamana ertelendiyse m??ba??ir duru??ma tarihine dair bilgi ka????d??n?? taraflara verir internet ??zerinden bilgilendirme sistemi bulunmayan adliyelerde g??nl??k duru??ma listesini g??r??n??r ??ekilde asmak bir di??er g??revidir m??ba??ir mahkemeye ait evrak ve yaz??lar?? zimmet defterine kaydederek ilgili makamlara teslim eder ayr??ca m??zekkere ve tebligatlar?? da ilgili makamlara ula??t??rmak ??zere posta i??lemlerini yapmakla y??k??ml??d??r mahkemeye ait olan ve postaya verilecek evraklar?? postaya teslim etmek de m??ba??irin g??revidir mahkeme ba??kan?? ve hakimin uygun g??rd?????? yaz?? i??leri m??d??r??n??n denetimi alt??nda kalem i??lerinde ??al????mas?? m??ba??irin duru??ma d??????nda yapt?????? bir di??er g??revdir ar??ive g??t??r??lmesi ve ar??ivden ????kar??lmas?? gereken dosyalar?? d??zenleyerek ar??ivi d??zenli tutan m??ba??ir genel anlamda ar??iv i??lerinden de sorumludur evraklar?? d??zenli bir ??ekilde dosyaya takmak da m??ba??ire ait bir g??revdir','2026-06-22 21:02:28'),(49,3,'Metin 19','ki??ilerin kan ba???? veya s??zle??me ile ba??l?? oldu??u ailenin ta????d?????? ad??d??r soyad?? kanununun birinci maddesine g??re herkes kendi ad??ndan ba??ka soyad??n?? ta????maya mecburdur kanunun ikinci maddesinde soyad??n??n nas??l kullan??lmas?? gerekti??i belirtilmi??tir s??yleyi??te yaz??da imzada kendi ad?? ??nde soyad?? sonda kullan??l??r ailenin fertlerini di??er ailelerden ay??rmaya yarayan soydan soya ge??en kelime olan soyad?? kendili??inden kazan??l??r medeni kanunun ilgili maddesinde ??ocuk anne ve baba evliyse ailenin soyad??n?? ta????r ancak anne ??nceki evlili??inden dolay?? ??ifte soyad?? ta????yorsa ??ocuk onun bekarl??k soyad??n?? ta????r h??km?? soyad??n??n kendili??inden nas??l kazan??ld??????n?? belirtmi??tir buna g??re ??ocuk evlilik birli??i i??inde do??mu?? ise babas??n??n soyad??n?? alacakt??r ancak ??ocuk annenin yeniden evlenmesi halinde annenin bekarl??k soyad??n?? al??r di??er taraftan n??fus hizmetleri kanunu ve n??fus hizmetlerine ili??kin y??netmelik gere??i evlilik birli??i d??????nda do??an ??ocuk annenin soyad??n?? al??r evlenen kad??n ise evlilik t??reninin bitmesiyle birlikte kocas??n??n soyad??n?? al??r ancak kad??nlar istemeleri halinde kocalar??n??n soyadlar??n??n ??n??nde ??nceki soyadlar??n?? kullanabilirler takma ad mahlas olarak bilinen m??stear ad ki??ilerin belirli bir i??i yaparken kendi adlar?? yerine kulland??klar?? add??r fatih sultan mehmet taraf??ndan kullan??lan avni me??hur olmu?? takma adlara ??rnektir medeni kanunda do??rudan d??zenlenmemi?? olsa da takma ad ki??ilik hakk??n??n kapsam??na dahil olup medeni kanunun ilgili maddesi gere??i ki??inin ismi gibi korunur lakap ki??ilere ba??kalar?? taraf??ndan tak??lan isminin yerine kullan??lan veya ismine eklenen add??r lakap ??z?? itibar??yla niteleme olup bir veya birka?? kelimeden olu??abilir lakap medeni kanunda d??zenlenmemi?? ad t??rlerindendir ancak lakap doktrinde korunmaya de??er olarak kabul edilmektedir ayr??ca lakab??n ad olarak kabul edilmedi??i durumlarda ki??ilik hakk??n?? kapsar say??larak korunmas?? gerekti??i ileri s??r??lmektedir ticaret unvan?? bir taciri di??er tacirlerden ay??rmaya yarayan add??r t??rk ticaret kanununda tacir ticari i??letmesine ili??kin i??lemleri ticaret unvan??yla yapmaya mecburdur bu sebeple tacir se??ti??i ticaret unvan??n?? ticaret siciline tescil etmeye zorunludur ticaret unvan??n??n medeni kanun ve t??rk ticaret kanununa g??re korunmas?? ??nemlidir i??letme ad?? tacirlerin ve esnaflar??n kullanmak zorunda olduklar?? onlar?? di??er i??letmelerden ay??rmaya yarayan add??r i??letme ad?? ticaret unvan?? gibi t??rk ticaret kanunu uyar??nca korunmas?? gereken add??r','2026-06-22 21:02:28'),(50,3,'Metin 20','medeni kanun ve dernekler kanununa g??re dernekler ger??ek veya t??zel asgari yedi ki??inin kazan?? payla??ma d??????nda belirli ortak amac?? ger??ekle??tirmek ??zere ??al????malar??n?? s??rekli olarak birle??tirmek amac??yla olu??turduklar?? t??zel ki??i topluluklar??d??r derne??in d??rt temel unsuru vard??r dernek asgari yedi ger??ek veya t??zel ki??iden olu??maktad??r dernek kurulduktan sonra derne??e ba??kalar?? kat??labilir derne??i olu??turan veya derne??e kat??lan ki??ilere ??ye denir ??ye derne??in ilk unsurudur derne??in ikinci unsuru ??yeleri bir araya getiren ama??t??r amac?? olmayan dernek kurulamaz ayr??ca derne??in g??tt?????? ama?? hukuka ayk??r?? olamaz derne??in belirli bir amac?? ger??ekle??tirmesi i??in belirli bir s??re kararla??t??r??lamaz ??nemli olan amac??n ger??ekle??mesidir bu sebeple derne??in ??????nc?? unsuru s??rekliliktir ??ye ve ama?? unsurlar??n??n varl?????? bu ki??i toplulu??unun dernek olarak an??lmas?? i??in yeterli de??ildir bu ki??i toplulu??unun t??zel ki??ilik kazanmas?? i??in ??rg??tlenmesi ve ba????ms??z olmas?? gerekmektedir bunun i??in derne??in kurulu?? t??z??????nde derne??in amac?? derne??in ??yeleri d??????nda t??zel ki??i oldu??u a????k bir ??ekilde ifade edilmelidir bu sebeple derne??in son unsuru derne??in t??zel ki??ili??e sahip olmas??d??r t??rk hukuk sisteminde derneklerin kurulu??unda tescil sistemi benimsenmi??tir bunun i??indir ki dernek kurucular??n??n derne??in yerle??im yerinin bulundu??u yerdeki en b??y??k m??lki amirli??e kurulu?? bildirimini yapmalar?? gerekir her derne??in t??z??????n??n olmas?? zorunludur derne??in kurucu ??yelerinin iradelerine dayanan t??z??k dernek i??in hukuk normu niteli??indedir derne??in t??z??????nde derne??in ad?? amac?? gelirleri ??yelik ko??ullar?? organlar?? ge??ici y??netim kurulu gibi zorunlu olan unsurlar yer almal??d??r dernek t??z??????n??n t??m kurucu ??yeler taraf??ndan imzalanmas?? gerekir imzalanan t??z??k ile birlikte gerekli di??er belgelerin yerle??im yerinin en b??y??k m??lki amirine teslim edilmesi sonucu dernek t??zel ki??ilik kazan??r m??lki amire g??nderilen t??z??k m??lki amir taraf??ndan s??resi i??inde dosya ??zerinden incelenir yap??lan inceleme sonunda kanuna ayk??r??l??k veya eksiklik tespit edilmezse dernek dernekler k??t??????ne kaydedilir ancak t??z??kte ve di??er belgelerde eksiklik saptan??rsa bu eksikli??in giderilmesi i??in dernek kurma talebinde bulunanlara makul s??re verilir bu s??rede eksiklikler tamamlanmaz ya da hukuka ayk??r??l??k giderilmezse en b??y??k m??lki amir derne??in feshi konusunda dava a????lmas?? i??in savc??l????a bildirimde bulunur yetkili asliye hukuk mahkemesinde derne??in feshi davas?? a????l??r','2026-06-22 21:02:28'),(51,3,'Metin 21','medeni kanuna g??re vak??flar ger??ek veya t??zel ki??ilerin yeterli mallar?? belirli ve s??rekli amaca ??zg??lemeleriyle olu??an t??zel ki??ili??e sahip mal topluluklar??d??r tan??ma g??re vakf??n d??rt temel unsuru vard??r ??ncelikle vakf??n belirli ve s??rekli amac??n?? ger??ekle??tirmeye ??zg??lenmi?? yeterli mal varl??????n??n olmas?? gerekmektedir dolay??s??yla vakf??n temel ??gesinin mal varl?????? oldu??u a????kt??r ????nk?? vakf?? ortaya ????karacak mal bulunmazsa vak??f olmaz mal varl??????n??n tamam?? veya ekonomik de??eri olan haklar vakfedilebilir niteliktedir bu sebeple vakf??n mal varl??????n??n kapsam??na ta????n??r mallar ta????nmaz mallar k??ymetli evraklar alacak haklar?? girebilir vakf??n ikinci unsuru vak??f olu??turmadaki ama??t??r vak??f belirli ve s??rekli amac??n??n bulunmas?? halinde kurulabilir vakf??n ama?? unsuru manevi veya iktisadi olabilir vakf??n amac?? vakf?? kuran ki??inin iradesi sonucu serbest??e belirlenebilir kurulacak vakf??n derneklerden farkl?? olarak birden fazla amac?? olabilir ancak vak??flar??n amac?? imkans??z hukuka ahlaka milli birli??e milli menfaatlere ayk??r?? olamaz vakf??n ??????nc?? unsuru ise ??zg??lemedir ??zg??leme bir mal veya malvarl??????n??n devaml?? olarak vakf??n amac??na tahsis edilmesidir ba??ka deyi??le ??zg??leme vak??f i??in belirlenmi?? amaca hizmet edecek mallar??n t??zel ki??i meydana getirmek amac??yla ay??rt edilmesidir ??zg??leme ile mallar??n m??lkiyeti hemen vakfa ge??mez mallar??n m??lkiyeti kurulan vakf??n mahkemelerce tutulan sicile tescil edilip t??zel ki??ilik kazanmas??yla vakfa ge??er vakf??n d??rd??nc?? unsuru vakf?? kuran ki??idir vak??f kuran ki??i ger??ek veya t??zel ki??i olabilir vak??f kuran ger??ek ki??i olmas?? halinde fiil ehliyetine sahip olmas?? gereklidir dolay??s??yla s??n??rl?? ehliyetsiz ki??iler kanuni temsilcisinin r??zas?? bulunsa bile vak??f kuramazlar ancak tam ehliyetliler s??n??rl?? ehliyetliler vak??f kurabilirler ay??rt etme g??c??ne sahip s??n??rl?? ehliyetsizler vasiyetname arac??l??????yla vak??f kurabilirler vak??f kurmak isteyen ki??i medeni kanun gere??i vak??f kurma iradesini noterde d??zenlenen senet veya ??l??me ba??l?? tasarrufla a????klayabilir vak??f kurma iradesini g??steren belge vak??f senedi olarak adland??r??l??r t??rk medeni kanununda vak??f senedinde bulunmas?? gerekli olan unsurlar yer almaktad??r vak??f kurma i??lemi bittikten sonra vak??f ??zel sicile kaydedilir sicile kay??t sonras??nda vak??f t??zel ki??ilik kazanm???? olur mahkemenin vak??f kurulu??unu onaylamas?? i??in vakf??n zorunlu organlar??n??n olu??turulmu?? olmas?? gerekir medeni kanuna g??re vakf??n tek zorunlu organ?? y??netim organ??d??r','2026-06-22 21:02:28'),(52,3,'Metin 22','ki??ilerin herhangi bir e??ya ??zerinde sahip oldu??u herkese kar???? ileri s??r??lebilen mutlak haklara ayni hak denir ayni haklar ki??iye e??ya ??zerinde do??rudan do??ruya hakimiyet olana???? sa??lar dolay??s??yla herkese kar???? ileri s??r??lebilir ayni hak sahibi bu hakk??ndan do??an yetkilerini e??ya ??zerinde do??rudan do??ruya kendisi kullanmaya yetkilidir ki??inin kullan??m haklar??n?? toplumdaki herkes tan??mak ve uymak zorundad??r ayni hakk??n di??er haklardan fark??n?? g??rmek i??in alacak hakk?? ??rnek olarak verilebilir alacak hakk?? mutlak haklardan olmay??p ki??inin ba??kalar??na kar???? sahip oldu??u ??ahsi haklardand??r alacak hakk??n??n sahibi yaln??zca bor??ludan hakk??n?? tan??mas??n?? ve gerekti??i ??ekilde davranmas??n?? isteyebilir ??ahsi haklardan olan alacak hakk??ndan kaynaklanan borcu hak sahibine t??m toplum ??demek zorunda de??ildir borcun ifas??yla sadece bor??lu ki??i y??k??ml??d??r e??ya ??zerindeki ayni hak sahibi bu hakk??n??n ve yetkilerinin tan??nmas??n?? toplumdaki herkesten isteme hakk??na sahiptir toplumdaki t??m insanlar hakk??n sahibi bireyin e??ya ??zerindeki hakimiyetini onunla ilgili t??m yetkilerini tan??mak ve hareket etmek zorundad??r burada g??zden ka????r??lmamas?? gereken ??nemli nokta alacak hakk??n?? sadece bor??lu ihlal edebilirken ayni hakk?? toplumdaki t??m bireyler ihlal edebilir yaln??zca bor??lu ki??i veya ki??ilerin alacakl??ya borcunu ??dememesi hak sahibinin hakk??n??n ihlal edilece??i anlam??na gelir toplumdaki di??er bireylerin bu borcu alacakl??ya ??dememeleri hak ihlali te??kil etmez fakat e??ya ??zerinde ayni hak sahibi bireyin e??yalar??na zarar verecek olursa veya onun e??yas??n?? kullanmas??n?? k??s??tlamaya kalk??????rsa toplumdaki t??m bireyler bu ki??inin hakk??n?? ihlal etmi?? olacakt??r ????nk?? e??ya ??zerindeki ayni haklar mutlak haklard??r ayni haklar??n ???? temel unsuru vard??r birincisi e??ya ikincisi sahip olunan e??ya ??zerinde hak sahibinin do??rudan do??ruya hakimiyetinin bulunmas?? ??????nc??s?? herkese kar???? ileri s??r??lebilmesidir ayni haklar farkl?? y??nlerden de??erlendirildi??inde farkl?? t??rlere ayr??labilir haklar?? ayni haklar??n hak sahibine sa??lad?????? yetkiler y??n??nden ayr??ca hak sahibinin belirlenme bi??imi y??n??nden incelemek daha do??ru olacakt??r e??ya ??zerinde sahibine sa??lad?????? yetkiler y??n??nden ayni haklar iki gruba ayr??lmaktad??r m??lkiyet hakk?? ayni haklar aras??nda ki??iye e??ya ??zerinde en geni?? yetkiyi sa??layan haklard??r s??n??rl?? ayni haklar ki??iye e??ya ??zerinde m??lkiyet hakk??n??n i??indeki baz?? yetkiler farkl?? bi??imlerde ayr??larak bunlar??n yeni hak olarak tan??mlanmas??yla olu??ur','2026-06-22 21:02:28'),(53,3,'Metin 23','e??ya kavram?? hukuk dilinde g??nl??k dilde kullan??lan e??ya kavram??ndan biraz farkl??l??k g??sterir g??nl??k dildeki kavram s??kl??kla varl??klar??n fiziksel ??zelliklerini ifade etmek i??in kullan??l??rken hukukta varl??klara fiziksel ??zelliklerinin yan??nda i??levsel bir anlam da y??klemektedir hukukta herhangi bir varl??????n e??ya olarak kabul edilebilmesi i??in onun sadece fiziki yap??s??na bak??lmaz ayn?? zamanda ekonomik toplumsal ahlaki i??levine bak??l??r ??rne??in tek m??s??r tanesi hayvan??n tek t??y?? g??nl??k hayatta fiziksel olarak e??ya gibi de??erlendirilebilir fakat hukuken bunlar tek ba????na e??ya olarak kabul edilmemektedir ????nk?? tek bu??day tanesinin veya tek hayvan t??y??n??n insan??n herhangi bir ihtiyac??n?? kar????layacak b??y??kl????e ekonomik de??ere veya miktara sahip oldu??u iddia edilemez bunlar??n ??zerinde bir sanat????n??n ??ok k??????k boyutlarda i??ledi??i yaz?? veya resim mevcutsa bu varl??klar hukuken e??ya olarak kabul edilecektir bu durumda varl??klarda i??levsel bir farkl??l??????n ortaya ????kt?????? g??r??lmektedir bu e??yalar??n sahibi ki??ilerin bunlar??n sanat eserine d??n????t??????n?? ekonomik de??erlerinin artt??????n?? veya ba??ka e??yalarla de??i?? toku?? yap??labilece??ini iddia edebilecekleri tahmin edilebilir t??rk medeni kanununda sadece fiziki varl?????? olan ??eylerin e??ya olarak kabul edilece??i belirtilmi??tir hukuk fiziki varl?????? bulunmayan ama ekonomik de??eri olan ??eyleri de baz?? hallerde e??ya gibi kabul etmektedir ??rne??in baz?? haklar??n e??ya gibi say??ld?????? ve bunlar??n da e??yalarda oldu??u gibi sat???? veya devir konusu olabilmesi m??mk??nd??r t??rk medeni kanununda bir varl??????n e??ya say??lmas?? i??in hukuki iradeye elveri??li olmas?? gerekti??i belirtilmi??tir burada kastedilen varl??????n yasakl?? olmamas?? gerekti??i ve bireysel m??lkiyete al??namayacak s??n??rlar?? olmayan varl??klar??n e??ya olarak say??lamayaca????d??r ??rne??in hukuken sat?????? yasaklanm???? herhangi bir madde ??lkenin do??al kaynaklar?? g??ky??z?? gezegenler e??ya h??km??nde kabul edilemez bunlar herhangi bir ??ekilde m??lkiyete konu edilemez e??yalar??n ki??isel olmamas?? kural??na g??re insanlar??n v??cudu organlar?? ve cesedi e??ya olarak kabul edilemez veya bunlar ??zerinde herhangi bir hak iddia edilemez insan v??cudunun do??al bir par??as?? haline gelmi?? takma organlar da e??ya olarak kabul edilemez fakat takma di??e benzer nitelikte v??cuttan kolayl??kla ????kar??l??p el de??i??tirebilecek olan protez par??alar insan v??cudunun par??as?? olarak g??r??lmemekte ve e??ya olarak say??lmaktad??r e??ya farkl?? ??l????tler i??inde de??erlendirilip farkl?? t??rlerde ele al??nmaktad??r','2026-06-22 21:02:28'),(54,3,'Metin 24','toplum d??zeninin ayakta kalmas?? ve sosyal bar??????n korunmas?? i??in ki??ilerin sahip oldu??u haklar?? hukuk d??zeni korumal??d??r hukukun tek i??levi ki??ilerin sahip oldu??u haklar?? d??zenlemek de??ildir hukuk d??zeninin bir yandan ki??ilerin haklar??n?? tan??mas?? di??er yandan kendili??inden hak almay?? yasaklamas?? sonucu bireysel haklar??n korunmas?? devletin sorumlulu??u alt??na girmi??tir devlet bu sorumlulu??u nedeniyle mahkemeler kurmu?? ve ki??ilere dava hakk?? tan??m????t??r dava hakk?? bir ki??inin hak elde etmek veya sahip oldu??u hakk??n korunmas??n?? temin amac??yla devletin tarafs??z ve ba????ms??z mahkemelerine ba??vurma hakk??n?? ifade etmektedir ki??inin dava hakk??n?? kullanarak mahkemeye ba??vurmas?? ve devletin hak da????tmada harekete ge??mesini istemesine dava denilmektedir dava medeni yarg??lama hukukunda taraf sistemi ??zerine kurulmu??tur davay?? a??an ki??iye davac?? kendisine kar???? dava a????lan ki??iye ise daval?? denir kar????l??kl?? uyu??mazl??????n bulundu??u ??eki??meli bir yarg??da hakim daval?? ve davac?? rol??nde olan taraflar??n olup olmad??????n?? g??z ??n??nde bulundurur ????nk?? ??eki??meli yarg??da davac?? ve daval??n??n olmas?? dava ??artlar??ndan biridir dava ??artlar?? ise davan??n a????lmas?? ve dava konusu anla??mazl??k hakk??nda ara??t??rma yap??l??p esas hakk??nda karar verilmesi i??in gerekli olan ??artlard??r taraf??n belirtilmesi dava ??art?? oldu??u i??in dava a????l??rken daval?? taraf??n??n g??sterilmesi zorunludur dava a????l??rken daval?? taraf g??sterilmemi?? ise dava dilek??esi reddedilir ????nk?? mahkemenin belirtilmemi?? taraf?? ara??t??rma y??k??ml??l?????? yoktur di??er taraftan dava a????l??rken dava dilek??esinde birden fazla daval?? veya birden fazla davac?? g??sterilebilir mahkemede taraflar e??it hak ve yetkilere sahiptir buna medeni yarg??lama hukukunda silahlar??n e??itli??i denir bu e??itlik daval?? ve davac??n??n mutlak anlamdaki e??itli??ini de??il ??ekli anlamdaki e??itli??ini ifade eder ????nk?? davada taraflar??n ??stlendikleri roller nedeniyle bir??ok farkl??l??k bulunur ancak hakim taraflar?? dinleyerek sonuca ula??acakt??r ??eki??meli davada dava ??art?? olan daval??n??n ve davac??n??n bulunmas?? ??eki??mesiz yarg?? i??in s??z konusu de??ildir medeni yarg??lama hukukunun bir alt dal?? olan ??eki??mesiz yarg?? kar????l??kl?? bir uyu??mazl??????n olmad?????? ve taraflar??n yer almad?????? yarg?? t??r??d??r bu yarg?? t??r??nde taraf kavram?? yerine ilgili kavram?? mevcuttur ??eki??mesiz yarg??lamada birden fazla ilgili bulunabilir hatta bu ilgililer farkl?? iddialar ve taleplerde bulunabilir bu sebeple ??eki??mesiz yarg??da g??r???? birli??i olup olmamas?? ??nemli de??ildir','2026-06-22 21:02:28'),(55,3,'Metin 25','g??rg?? bir toplum i??inde var olan sayg?? ve incelik kurallar?? olarak ifade edilmektedir g??rg??l?? olmak ayn?? zamanda nezaket kavram??n?? da i??ermektedir nezaket ba??kalar??na kar???? sayg??yla incelikle davranma ve nazikliktir nezaket kavram??n??n i??inde her zaman ba??kalar??n?? d??????nerek hareket etmek ba??kalar??na iyilik edebilmek i??in gayret g??stermek ve t??m bunlar?? samimiyetle yapmak duygular?? gizlidir nazik davran????lar olumsuz tav??rl?? insanlar?? bile m??knat??s gibi kendine ??ekerek olumluya d??n????t??rebilir nezaket ve g??rg?? kurallar??n?? uygulama esteti??ine ise zarafet denir ba??ka ifadeyle zarafet nezaket ve g??rg?? kurallar??n?? ki??inin bak?????? duru??u ve konu??ma ??slubuyla incelik ve g??zellikle yans??tabilme yetene??i olarak tan??mlanabilir her toplumun sosyal ya??am?? sayg?? g??rg?? ve nezaket kurallar??yla d??zenlenmi??tir g??rg?? ve nezaket kurallar?? sosyal ya??amda herkesin ki??ili??ine ve ya??ama hakk??na sayg?? g??stermeyi gerektirir dolay??s??yla s??z konusu bu kurallar ya??am?? zorla??t??rmaz tam tersine kolayla??t??r??r ????nk?? kurallar?? uygulayan ki??i toplum i??inde nazik bir insan olarak tan??n??r sevgi sayg?? g??r??r itibar kazan??r sosyal ya??amda g??rg?? ve nezaket kurallar??na uyman??n yasal zorunlulu??u veya uymama sonucu yasal yapt??r??m?? yoktur ancak kurallara uymayanlar toplum taraf??ndan d????lan??rlar kurallara uymak sosyal hayatta ba??kalar??yla ya??aman??n ve sosyalle??menin do??al bir gere??idir ileti??imde g??zel konu??ma her zaman olumlu ve yap??c??d??r konu??urken s??zlerin i??eri??i kadar s??yleni?? ??ekline de dikkat etmek etkili dinleme becerilerini kullanmak nazik ve g??rg??l?? olman??n ??nemli basama????d??r s??z verilmeden ve gere??inden fazla konu??mamak gerekir yanl????l??kla birinin s??z?? kesildi??inde ??z??r dilenmelidir kar????n??zdaki ki??i veya ki??ilerle yumu??ak ve samimi bir ses tonuyla sayg??l?? ifade ve ??slupla konu??mal?? argo kelimeler kullanmak ve y??ksek sesle konu??maktan ka????n??lmal??d??r konu??ma s??ras??nda ki??inin s??rekli kendisinden s??z etmesi do??ru de??ildir ak??l verici tarzda konu??maktan ka????nmal?? konu??urken anlad??n??z m?? diye sorulmamal?? anlatabildim mi ??eklinde sorulmal??d??r ki??i g??r???? ve d??????ncesine ayk??r?? bir ??ey s??ylendi??inde hemen tepki g??sterilmemeli kar???? g??r???? ve d??????nceler sayg?? ve ho??g??r?? ile kar????lanmal??d??r ????nk?? konu??ma ve tart????man??n ilk kural?? ba??ka g??r???? ve d??????ncelere sayg??l?? olmakt??r konu??an iki ki??inin yan??na gidilmemeli gitmek gerekliyse de izin al??nmal??d??r konu??mada kar????daki ki??i ya da ki??ilerin anlamayaca???? teknik terimler ve yabanc?? kelimeler kullan??lmamal??d??r','2026-06-22 21:02:28'),(56,3,'Metin 26','medeni hukuktaki hak ehliyetinin medeni usul hukukundaki kar????l?????? olan taraf ehliyeti mahkemelerde daval?? veya davac?? olarak bulunabilme ehliyetidir kanun koyucu medeni kanunda maddi haklardan yararlanma ehliyetine sahip olan davada taraf ehliyetine de sahiptir diyerek kimlerin taraf ehliyetine sahip oldu??unu d??zenlemi??tir buna g??re taraf ehliyetine sahip olabilmenin ko??ulu hak ehliyetine sahip olmakt??r b??t??n ger??ek ve t??zel ki??iler hak ehliyetine sahip olduklar?? i??in ayr??ca taraf ehliyetine sahiptirler taraf ehliyeti davan??n olmazsa olmaz ko??uludur dolay??s??yla taraf ehliyetine sahip olmayan kimseye dava a????lm????sa dava reddedilir taraf ehliyetine sahip olmayan birine dava a????lm???? ve mahkeme taraf??ndan h??k??m verilmi?? olmas?? halinde verilen h??k??m hukuki sonu?? do??urmaz ger??ek ki??ilerin taraf ehliyeti sa?? olarak tamam??yla do??malar??yla ba??lar ancak cenin annesinin rahmine d????t?????? andan itibaren sa?? do??mak ko??uluyla taraf ehliyetine sahiptir herhangi davaya ceninin taraf olmas?? gerekliyse cenine kayyum atan??r kayyum ceninin yasal temsilcisi olarak dava a??abilir kayyumun a??m???? oldu??u dava devam ederken temsilcisi bulundu??u ??ocuk sa?? do??mazsa kayyumun taraf ehliyetinin ge??erlili??i sona erece??inden a????lm???? dava reddedilir ancak ??ocuk do??madan dava sonu??lan??p ??ocuk ??l?? do??arsa mahkemenin karar?? h??k??ms??z say??l??r ger??ek ki??ilerin taraf ehliyetleri ??l??mle birlikte sona erer davan??n a????ld?????? tarihten ??nce ??lm???? ki??iye dava a????lamaz ??lm???? ki??iye dava a????lm???? ise mahkeme taraf ehliyetinin olmamas?? nedeniyle davay?? reddeder mahkeme daval??n??n ??ld??????n?? bilmeden karar verdiyse verilen karar hukuken ge??ersizdir ancak miras????lar??n malvarl??????n??n etkilendi??i bir davada daval??n??n ??ld?????? bilinmeden dava a????lm???? olabilir bu t??r davalarda yarg??lama s??ras??nda daval??n??n ??ld?????? tespit edilirse dava hemen d????mez nitekim davaya miras????larla devam edilebilir dava devam ederken davac?? veya daval?? taraflardan birinin ??l??m?? durumunda dava konusuz kalmaz dava s??ras??nda taraflardan biri ??l??rse miras????lar??n miras?? kabul etmelerine veya reddetmelerine g??re hareket edilir bu tarz durumlarda dava miras?? ret i??in kanunda ??ng??r??len s??reler ge??inceye kadar ertelenir ancak davaya devam etmek isteyen taraf davan??n devam etmesini isterse mahkeme ??ng??r??len s??renin ge??mesini beklemeden davan??n takip edilmesi i??in kayyum atanmas??na karar verebilir ger??ek ki??iler d??????nda t??zel ki??iler de hak ehliyetine sahip olmalar?? nedeniyle taraf ehliyetine de sahiptirler','2026-06-22 21:02:28'),(57,3,'Metin 27','dava ehliyeti medeni hukuktaki fiil ehliyetinin medeni usul hukukundaki kar????l??????d??r dolay??s??yla medeni haklar?? kullanma ehliyetine sahip b??t??n ger??ek ve t??zel ki??ilerin dava ehliyeti vard??r ay??rt etme g??c??ne sahip ergin bulunan ve k??s??tl?? olmayan herkes dava ehliyetine sahiptir ancak ay??rt etme g??c??ne sahip k??????klerle k??s??tl??lar kural olarak dava ehliyetine sahip de??ildir ayr??ca ay??rt etme g??c??ne sahip olmayanlar??n fiil ehliyetleri bulunmaz fiil ehliyeti bulunmayan ki??ilerin dava ehliyetleri yoktur dava ehliyeti bulunmayan ki??ilerse davada yasal temsilcileri taraf??ndan temsil edilirler ki??ilerin bizzat dava a??mas?? veya yetkili k??ld?????? temsilciyle davay?? takip edebilmesi i??in dava ehliyetine sahip olmalar?? gerekir buradan anla????laca???? ??zere dava ehliyeti tarafa ili??kin dava ??art??d??r ancak dava ehliyeti olmayan ki??ilerin dava a??mas?? veya dava ehliyeti olmayan ki??ilere dava a????lmas?? halinde dava hemen reddedilmez dava ehliyeti olmayan ki??iler taraf??ndan dava a????lm????sa mahkeme s??z konusu taraf??n yasal temsilcilerine tebligat g??nderir tebligatta yasal temsilcilere davaya devam edilip edilmeyece??ine y??nelik karar verilmek ??zere uygun bir s??re tan??n??r yasal temsilciler verilen s??rede davaya onay verirlerse davaya yasal temsilciler taraf??ndan devam edilir ancak yasal temsilciler kendilerine verilen s??re i??erisinde cevap vermez veya davaya onay vermezlerse dava reddedilir di??er taraftan dava ehliyeti olmayan birine dava a????lm????sa dava dilek??esi daval??n??n yasal temsilcisine g??nderilir yasal temsilci bulunmuyorsa daval??ya mahkeme taraf??ndan yasal temsilci atan??r ger??ek ki??iler gibi t??zel ki??iler de dava ehliyetine sahiptir hem ??zel hukuk t??zel ki??ilerinin hem de kamu t??zel ki??ilerinin dava ehliyetleri vard??r t??zel ki??iler davada kendilerini temsile yetkili organlar arac??l??????yla temsil edilirler ancak verilen h??k??m sadece t??zel ki??inin temsil organ??n?? de??il t??zel ki??inin tamam??n?? etkiler dava dilek??esinde davac?? ve daval?? taraflar dava ehliyetine sahipseler dava i??erisindeki i?? ve i??lemleri yapabilirler taraflar??n davalar?? sonu??land??r??p kendileri i??in h??k??m almalar?? ancak dava takip yetkisine sahip olmalar??yla m??mk??nd??r dolay??s??yla davan??n ge??erli ??ekilde a????l??p incelenerek sonuca ba??lanmas??nda davay?? a??an??n dava takip yetkisine sahip olmas?? gerekir ????nk?? dava takip yetkisi dava konusu hukuki ili??kinin taraf?? olmakt??r dava konusu hak ya da hukuki ili??kinin taraf?? olmaksa verilecek h??k??mden do??rudan etkilenmek demektir','2026-06-22 21:02:28'),(58,3,'Metin 28','yasal temsil dava ehliyeti olmayan ki??iler i??in ??ng??r??lm???? temsildir ayr??ca t??zel ki??ilerin kendilerini temsile yetkili organ?? arac??l??????yla temsil edilmesi yasal temsil kapsam??nda de??erlendirilir yasal temsilin hangi hallerde m??mk??n oldu??u i??eri??i ve sona ermesi kanunla belirlenir yasal temsilci temsil etti??i ki??i ad??na hareket eder bu sebeple davan??n a????l??p a????lmayaca????na tek ba????na karar veremez ??rne??in davan??n a????lmas?? i??in izin gerekliyse yasal temsilci izin belgelerini mahkemeye vererek dava a??abilir gerekli olan belgelerin mahkemeye verilmemesi durumunda dava a????lmam???? say??l??r t??rk hukuk sisteminde avukatla temsil zorunlu de??ildir bu nedenle dava ehliyeti bulunanlar kendi davas??n?? a????p takip edebilir veya atad?????? bir temsilci arac??l??????yla davas??n?? a??abilir ve takip edebilir bu t??r durumlarda iradi temsil s??z konusu olur iradi temsil taraflar??n iradelerine dayanan temsildir davan??n taraflar??ndan herhangi birisi kendisini temsil edecek ki??iye vekalet vererek davay?? takip etmek isteyebilir ancak vekalet verilecek ki??iler yaln??zca baroya kay??tl?? avukatlard??r ki??iler noterde yapacaklar?? i??lemle baroya kay??tl?? avukatlar aras??ndan bir veya birka????na vekalet verebilir vekalet temsil yetkisi bak??m??ndan genel vekalet ve ??zel vekalet olmak ??zere ikiye ayr??l??r genel vekalet davada gerekli olan i??lemlerin tamam??n?? yapabilme yetkisidir ancak genel vekaleti olan ki??ilerin vekalet verenin izni olmadan yapamayaca???? i??lemler de bulunmaktad??r hukuk muhakemeleri kanununa g??re temsilcilerin sulh olma davan??n tamam??n?? ??slah etme hakimi reddetme yemin teklif etme yemin kabul etme gibi baz?? i??lemleri yapabilmesi a????k yetki verilmesiyle m??mk??nd??r belirli bir veya birka?? i??lemin temsilci arac??l??????yla yap??lmas??na olanak veren vekalet t??r??ne ise ??zel vekalet denir ??zel vekaletname olarak d??zenlenmi?? vekaletnamede temsilcinin yapabilece??i i??lemler yer ald?????? i??in temsilci bu i??lemlerin d??????nda i??lem yapamaz dava devam ederken taraflardan birisinin kendisine yard??m etmek ??zere ??????nc?? ki??iye davay?? haber vermesine davan??n ihbar?? denir davan??n ihbar?? genel itibar??yla davaya m??dahale de??ildir nitekim davaya m??dahale ??????nc?? ki??inin kendi iste??iyle ger??ekle??ir mecburi dava arkada??l??????n??n mevcut oldu??u durumlarda davan??n ihbar?? s??z konusu de??ildir davan??n ihbar??n??n ilk ko??ulu ihbar yap??lacak ki??inin davan??n taraf?? olmayan ??????nc?? ki??i olmas??d??r ihbarda bulunan taraf??n ihbarda bulunmak i??in herhangi bir makamdan izin almas??na gerek yoktur','2026-06-22 21:02:28'),(59,3,'Metin 29','mesle??i gere??i g??n??n b??y??k bir k??sm??n?? bilgisayar kullanarak ge??iren ki??ilerin bilin??siz ve tekni??ine uygun olmayan klavye kullan??mlar?? sonucu hareketsiz kalmalar?? nedeniyle v??cudun ??e??itli yerlerinde meydana gelen hastal??klar??n yan?? s??ra el ve kollarda hastal??k olu??ma riski olduk??a y??ksek olup bu durum i?? verimini olumsuz y??nde etkilemektedir uzun s??reli durumlarda el kaslar??nda g????s??zl??k ve erimeler olu??abilir bu durum genellikle on parmak tekni??ini kullanmayan veya klavyeyi hatal?? tekniklerle kullanan ki??ilerde g??r??l??r yazarken bilekleri klavyeye veya masaya de??dirmek parmaklar?? a????r?? yukar?? kald??rarak yazmak ve klavyede sert vuru??lar yapmak ba??l??ca temel yaz??m hatalar??d??r klavye kullan??m teknikleri hatal?? bir ??ekilde yaz?? ??al????mas?? yapanlarda birtak??m sa??l??k problemleri olu??abilir ??zellikle sabit pozisyonda uzun s??re kal??nmas?? yaz?? yazarken on parmak tekni??ini kullanmayan ki??ilerin yaz??y?? g??rmek i??in boynunu e??mesi ve s??rekli yazd?????? yerle klavyeye bakmas?? boyun f??t?????? olma riskini b??y??k oranda art??rmaktad??r yanl???? tekniklerle yaz?? yazarken el kaslar??na a????r?? y??k bindi??inden bu durum eldeki tendon kaslar??n??n kal??nla??mas??na ve buna ba??l?? olarak sinirler ??zerinde bask?? olu??mas??na neden olmaktad??r el ve bilek ??evresinin a????r?? kullan??lmas?? sonucu ellerde ??zellikle geceleri belirgin uyu??ma ??ikayetine neden olarak g??nl??k ya??ant??m??z?? olumsuz y??nde etkilemektedir on parmak tekni??ine konu olan klavye performans??d??r klavye performans?? ise konum ritim s??rat ve hatas??zl??k olmak ??zere d??rt b??l??mden olu??maktad??r tekni??in ????retimindeki ama?? birka?? parmakla yaz?? yazmak yerine on parmakla etkili hatas??z ve s??ratli ??ekilde yaz?? yazmakt??r metodu ????renenler genelde klavyede s??ratli ve hatas??z yazan ki??ilerdir on parmak metodunu kullanan birisi g??zleri kapal?? dahi olsa yazarken hata yapt??????n?? anlayarak d??????nmeden silme tu??una basarak hatas??n?? an??nda d??zeltebilir temel klavye kullan??m tekni??inde sandalyeye otururken s??rt??n??z dik v??cudunuzun yukar?? k??sm?? hafif ??ne do??ru e??imli olmal??d??r yaz??lacak yaz?? rahatl??kla okunabilecek ??ekilde masan??n ??zerinde konumland??r??l??r ve dirsekler v??cuda yak??n tutulur dirsekleriniz g??vdenizin tam yan??nda olmal??d??r uygun uzakl??kta oturulmas?? durumunda dirsekleriniz omuzdan inen dikey hatt??n hizas??nda dik a????da olur bilekler klavyenin alt k??sm??na veya masaya dokunmayacak ??ekilde havada tutulur parmaklar yuvarlak bir cismi tutar gibi k??vr??k tutulur tu??lara parmak u??lar??n??n ??ok az de??di??i hissedilir','2026-06-22 21:02:28'),(60,3,'Metin 30','tahkikat a??amas?? delillerin incelenmesi ve bunlardan elde edilen bilgiler ??????????nda mahkemede olu??acak kanaatle davan??n taraflar?? aras??nda ??eki??meli olan olgular??n ger??ek olup olmad??????n??n tespit edildi??i dava a??amas??d??r en uzun yarg??lama safhas??d??r bu a??aman??n sonunda mevcut ve do??ru oldu??u mahkemece takdir edilen olgulara s??but bulmu?? olgular denir ispatla s??but bulanlar ile taraflar aras??nda ??eki??mesiz oldu??u i??in ispat faaliyetine gerek olmayan uyu??mazl??k ????z??m??nde ??nemli olgular tahkikat a??amas?? sonunda bir araya gelmi?? olur hakim taraflar??n iddia ve savunmalar?? sonucu toplanan delilleri dikkatle inceler bu inceleme sonucu duru??mada haz??r bulunan taraflara tahkikat??n t??m?? hakk??nda beyanda bulunmalar?? i??in s??z verir taraflar mahkemeye toplanan ve incelenen deliller ??zerinden s??but bulan ya da bulmayan olgularla ilgili g??r????lerini sunabilir mahkeme tahkikat??n geni??letilmesini gerektiren bir durum kalmad??????n?? g??r??rse tahkikat?? bitirerek bu durumu taraflara bildirir tahkikat sonras?? mahkeme s??zl?? yarg??lama ve h??k??m i??in tayin edilen g??n ve saatte mahkemede haz??r bulunmalar?? i??in taraflar?? davet eder davetiyelerde taraflara belirlenen g??n ve saatte mahkeme salonunda haz??r bulunmazlarsa yokluklar??nda h??k??m verilece??i bildirilir s??zl?? yarg??laman??n ayr?? bir oturumda yap??lmas?? esast??r s??zl?? yarg??lamada hakim her iki tarafa da mevcut olgular kar????s??nda iddia ve savunman??n ileri s??rd?????? taleplere ili??kin diyeceklerini s??zl?? ??ekilde sunmalar?? i??in s??z vermesi gereklidir taraflar??n beyanlar?? al??nd??ktan sonra hakim ayn?? oturumda nihai karar??n?? verir ve nihai karar??n?? s??zl?? olarak a????klay??p tutana??a ge??irir h??km??n hakim taraf??ndan s??zl?? ??ekilde taraflar??n y??z??ne kar???? okunmas??na h??km??n tefhimi denir tefhim ile tutana??a ge??irilen karara ise k??sa karar denir h??km??n tefhimini duru??mada bulunanlar ayakta dinler s??zl?? yarg??lamada a????klanan k??sa karar ??o??unlukla gerek??eyi ihtiva etmez bunun sebebi h??km??n b??t??n unsurlar??yla yaz??lmas??n??n zorlu??udur ancak h??k??m sonucunun tefhim edildi??i hallerde gerek??eli karar??n bir ay i??inde yaz??lmas?? gerekir iddia ve savunma hakk??ndaki nihai g??r??????n?? hakim yarg??lama sonunda karar olarak a????klar ilk derece mahkemesinde yarg??lama sona erdi??inden hakimin bu karar??na nihai karar denir mahkeme taraf??ndan nihai karar bir ay i??inde yaz??l??r yaz??lacak h??km??n hangi konular?? i??ermesi gerekti??i hukuk muhakemeleri kanununun ilgili maddesinde d??zenlenmi??tir karar?? da h??km?? veren hakimin yazd??rmas?? esast??r','2026-06-22 21:02:28');
/*!40000 ALTER TABLE `texts` ENABLE KEYS */;
UNLOCK TABLES;

--
-- Table structure for table `users`
--

DROP TABLE IF EXISTS `users`;
/*!40101 SET @saved_cs_client     = @@character_set_client */;
/*!40101 SET character_set_client = utf8 */;
CREATE TABLE `users` (
  `id` int(11) NOT NULL AUTO_INCREMENT,
  `username` varchar(50) NOT NULL,
  `password_hash` varchar(255) NOT NULL,
  `created_at` timestamp NOT NULL DEFAULT current_timestamp(),
  PRIMARY KEY (`id`),
  UNIQUE KEY `username` (`username`)
) ENGINE=InnoDB AUTO_INCREMENT=4 DEFAULT CHARSET=utf8mb4 COLLATE=utf8mb4_unicode_ci;
/*!40101 SET character_set_client = @saved_cs_client */;

--
-- Dumping data for table `users`
--

LOCK TABLES `users` WRITE;
/*!40000 ALTER TABLE `users` DISABLE KEYS */;
INSERT INTO `users` VALUES (1,'admin','$2b$10$G6zW2jUhOuYfWSHJaU2V2Ozlu9jMJn4G3K7U.2vRxLsAPNWj2oLLW','2026-06-21 12:14:40'),(3,'admine','$2b$10$cdp3OPNsEOhyEBEu0GIaiOsRTMBOdBJmyf4.vuC2Vu7ZHRtU5KR/.','2026-06-22 13:02:05');
/*!40000 ALTER TABLE `users` ENABLE KEYS */;
UNLOCK TABLES;
/*!40103 SET TIME_ZONE=@OLD_TIME_ZONE */;

/*!40101 SET SQL_MODE=@OLD_SQL_MODE */;
/*!40014 SET FOREIGN_KEY_CHECKS=@OLD_FOREIGN_KEY_CHECKS */;
/*!40014 SET UNIQUE_CHECKS=@OLD_UNIQUE_CHECKS */;
/*!40101 SET CHARACTER_SET_CLIENT=@OLD_CHARACTER_SET_CLIENT */;
/*!40101 SET CHARACTER_SET_RESULTS=@OLD_CHARACTER_SET_RESULTS */;
/*!40101 SET COLLATION_CONNECTION=@OLD_COLLATION_CONNECTION */;
/*!40111 SET SQL_NOTES=@OLD_SQL_NOTES */;

-- Dump completed on 2026-06-23  0:02:44
